seed,trial,n,m,rank_requested,rank_used,k_ratio,svd_topk_err,random_AB_err,rand_svd_subspace_err,leverage_col_err,random_colprune_err,params_svd_topk,params_random_AB,nnz_svd_col,topk_energy
0,0,128,64,8,8,0.125,0.8361283449423684,1.416812763239552,0.9330971695448474,0.9206441655538546,0.9366574963535949,1544,1536,1024,0.30088939078393584
0,1,128,64,8,8,0.125,0.8398278989684014,1.422369461145855,0.9512414034436578,0.9212971301102988,0.9348321399441702,1544,1536,1024,0.2946891001143205
0,2,128,64,8,8,0.125,0.8442635337009483,1.4191286651632062,0.9487302925133454,0.9237256154403596,0.9316895434601291,1544,1536,1024,0.2872190856627877
0,3,128,64,8,8,0.125,0.8452310678362651,1.4107374769410919,0.9345853923735172,0.9229500241920793,0.9288984366799329,1544,1536,1024,0.2855844419643671
0,4,128,64,8,8,0.125,0.837780712548395,1.407790386263412,0.9369229120350523,0.9204949122552095,0.9328405127426953,1544,1536,1024,0.2981234776819032
0,5,128,64,8,8,0.125,0.8414691127794554,1.408241684590074,0.9587056919074947,0.9226812087281588,0.9403774215745353,1544,1536,1024,0.2919297322381562
0,6,128,64,8,8,0.125,0.8378417399684931,1.4232784757416654,0.920429513148182,0.9204722386341558,0.9351547516140755,1544,1536,1024,0.29802121876656784
0,7,128,64,8,8,0.125,0.8380119665027491,1.4180573359340012,0.9295386130853973,0.9200789862725259,0.9382478970239141,1544,1536,1024,0.2977359439981953
0,8,128,64,8,8,0.125,0.8366642134065652,1.4175455697348274,0.9014060601380555,0.920495192725356,0.9339451326409305,1544,1536,1024,0.2999929940047734
0,9,128,64,8,8,0.125,0.8461074396885772,1.4157687567517367,0.9477725536119213,0.9199589017601639,0.937809730147853,1544,1536,1024,0.2841022005036409
0,10,128,64,8,8,0.125,0.839538955674991,1.4168496580427126,0.9386091642980386,0.9195067327091995,0.9369388873489278,1544,1536,1024,0.2951743419041455
0,11,128,64,8,8,0.125,0.8368111356735852,1.4120030522287934,0.950912529665717,0.9224332130613515,0.9358629644916041,1544,1536,1024,0.29974712321268443
0,12,128,64,8,8,0.125,0.84213056351007,1.3986996777931213,0.9183154564382091,0.9244401338648274,0.9320312186614974,1544,1536,1024,0.29081611400221186
0,13,128,64,8,8,0.125,0.8387327771402248,1.4097205708656209,0.9386296426707444,0.9222659321392229,0.9365864981628351,1544,1536,1024,0.296527328550646
0,14,128,64,8,8,0.125,0.8363831880891133,1.403653868547915,0.9408150644196903,0.9231871238548182,0.9359134502992338,1544,1536,1024,0.3004631626818909
0,15,128,64,8,8,0.125,0.8387374826094308,1.4176841500507116,0.9178466200887948,0.922569651505699,0.9363379698760521,1544,1536,1024,0.29651943526599434
0,16,128,64,8,8,0.125,0.8396729651452177,1.4150181096332783,0.9613582767137002,0.9191858627221415,0.9336353117280788,1544,1536,1024,0.2949493116042384
0,17,128,64,8,8,0.125,0.8446995072354765,1.4209111561697847,0.9277939939423988,0.9215773928666987,0.9329235437535197,1544,1536,1024,0.286482742476143
0,18,128,64,8,8,0.125,0.8387289866540713,1.4149854331532836,0.9552202178818436,0.9202160040476455,0.9370648512001114,1544,1536,1024,0.29653368694623466
0,19,128,64,8,8,0.125,0.8381939518827598,1.4193920497071322,0.8859423595803467,0.9175604780546359,0.9296925444506646,1544,1536,1024,0.2974308990271621
0,20,128,64,8,8,0.125,0.8376890838270018,1.3983268415054102,0.9346960624662376,0.9204501671497208,0.9372863672905791,1544,1536,1024,0.29827699883707826
0,21,128,64,8,8,0.125,0.8408934781609567,1.4053245664049552,0.9267144881332127,0.9237597697187557,0.9306514499434535,1544,1536,1024,0.2928981583863686
0,22,128,64,8,8,0.125,0.8416887054998086,1.4300361147123226,0.9137282871825336,0.9212350825304048,0.934144395004549,1544,1536,1024,0.2915601230340565
0,23,128,64,8,8,0.125,0.8386041929723708,1.4220266769443801,0.9443747132419937,0.9232545442879678,0.9343274753561469,1544,1536,1024,0.2967430075291586
0,24,128,64,8,8,0.125,0.8408484067471058,1.4262049344192183,0.9415257101647672,0.9177043462764761,0.936140215122612,1544,1536,1024,0.29297395687085376
0,25,128,64,8,8,0.125,0.83864949849946,1.404281684206307,0.9148855705441774,0.9250343377120966,0.9340631747306314,1544,1536,1024,0.29666701866660444
0,26,128,64,8,8,0.125,0.8382402835048416,1.4216939225465808,0.9192622106250754,0.916319143695796,0.9403671687572872,1544,1536,1024,0.2973532271097229
0,27,128,64,8,8,0.125,0.8436557394961252,1.4219358351479543,0.9524266160027011,0.9222507528085278,0.9404193538734607,1544,1536,1024,0.2882449932152463
0,28,128,64,8,8,0.125,0.8379775164245192,1.4069505286681037,0.9099780767035855,0.9200427615263675,0.9317670734898541,1544,1536,1024,0.29779368196699446
0,29,128,64,8,8,0.125,0.8353904701540878,1.418707705425673,0.9473068455166093,0.9226051076726637,0.9329110271031356,1544,1536,1024,0.30212276237573216
0,30,128,64,8,8,0.125,0.8420264024467718,1.4124056652178223,0.9037713440940232,0.9215938908152371,0.9388417720639741,1544,1536,1024,0.29099153758254687
0,31,128,64,8,8,0.125,0.840255313657745,1.4150117375164293,0.9317186170046021,0.9230781568664256,0.9372843554418184,1544,1536,1024,0.29397100786992497
0,32,128,64,8,8,0.125,0.8392499983459741,1.4142233604016032,0.9418070354462085,0.9192660693052317,0.9312937088687775,1544,1536,1024,0.2956594402762829
0,33,128,64,8,8,0.125,0.837647835588977,1.4238249238767067,0.9684225701576927,0.9166147785698954,0.9296675792098461,1544,1536,1024,0.29834610353310215
0,34,128,64,8,8,0.125,0.8457296584034054,1.415039250040223,0.9493864993190538,0.9225435240199115,0.9376210875285734,1544,1536,1024,0.28474134489685937
0,35,128,64,8,8,0.125,0.8382026906842613,1.4052986417735347,0.947909600196795,0.9208915088294874,0.9365633879077533,1544,1536,1024,0.2974162493296644
0,36,128,64,8,8,0.125,0.8365389132371991,1.413541302850858,0.9298264391818162,0.9199412041975885,0.9325463813665645,1544,1536,1024,0.3002026466399258
0,37,128,64,8,8,0.125,0.8395127692098727,1.4184652937238482,0.9362884578790951,0.9201888766543156,0.9350218131066302,1544,1536,1024,0.2952183103335711
0,38,128,64,8,8,0.125,0.8358579541234774,1.414851087458654,0.9321935475573941,0.921750569371566,0.9409722441667789,1544,1536,1024,0.3013414805285148
0,39,128,64,8,8,0.125,0.8390528675258407,1.4214288342732777,0.9341820801753244,0.9218746264324307,0.9390046564531664,1544,1536,1024,0.29599028549666373
0,40,128,64,8,8,0.125,0.8425642430799882,1.4107745404165861,0.927016630108482,0.9201587726243113,0.9399756022670372,1544,1536,1024,0.29008549628304664
0,41,128,64,8,8,0.125,0.84421005942743,1.4156810819142236,0.9182441517608442,0.919836252143525,0.9366295326157089,1544,1536,1024,0.28730937556153496
0,42,128,64,8,8,0.125,0.838167395504705,1.4086944785392665,0.9439970890950066,0.9212385162721266,0.9345056662814261,1544,1536,1024,0.2974754171128594
0,43,128,64,8,8,0.125,0.8415863879680634,1.4111873761387863,0.9276959829356,0.9218855324978983,0.9327095078612008,1544,1536,1024,0.29173235158686817
0,44,128,64,8,8,0.125,0.8394530036819983,1.4097985102994686,0.9259633532966888,0.9243456924503846,0.9381370602382333,1544,1536,1024,0.29531865460927087
0,45,128,64,8,8,0.125,0.8402239408850635,1.4195609288847422,0.9565904567422658,0.920255314860919,0.9349267462887578,1544,1536,1024,0.29402372916357294
0,46,128,64,8,8,0.125,0.8397789329384382,1.4039948132840567,0.9377796209577084,0.9189031540152522,0.9340990150835671,1544,1536,1024,0.2947713437927781
0,47,128,64,8,8,0.125,0.8405998611384081,1.411742675856282,0.9323646900431619,0.9206025876832127,0.9352383202385508,1544,1536,1024,0.2933918734540888
0,48,128,64,8,8,0.125,0.84043181392317,1.4135401020453016,0.9261536983104642,0.9227627314810051,0.9384196550481556,1544,1536,1024,0.29367436614581005
0,49,128,64,8,8,0.125,0.8414553845320987,1.4112867415694432,0.9386683973316954,0.9207569644235812,0.9317478988067743,1544,1536,1024,0.2919528358419378
0,50,128,64,8,8,0.125,0.8390780766501433,1.4058873375445162,0.9344759539981831,0.9232419992145094,0.9343553526849179,1544,1536,1024,0.29594798128509614
0,51,128,64,8,8,0.125,0.8416504965735935,1.408560657986444,0.9458842119897536,0.9214129516972996,0.9349787878260992,1544,1536,1024,0.29162444161742307
0,52,128,64,8,8,0.125,0.8413417776082953,1.4175579858456546,0.9617550390209573,0.921410810661752,0.9380816148934712,1544,1536,1024,0.2921440132509138
0,53,128,64,8,8,0.125,0.8437684986410978,1.4294522354684074,0.9472547599255657,0.9227770844613148,0.9347060376790577,1544,1536,1024,0.28805472070094773
0,54,128,64,8,8,0.125,0.8409211581387406,1.430152390880974,0.9495923163157887,0.9235213012474325,0.9375470098662205,1544,1536,1024,0.2928516057945994
0,55,128,64,8,8,0.125,0.8381720982340811,1.4196891213669225,0.9630738324894228,0.9235557300780376,0.9311490232466756,1544,1536,1024,0.2974675337418778
0,56,128,64,8,8,0.125,0.8423788317966915,1.414602469221205,0.9310695795741041,0.9208594062019338,0.933890928628611,1544,1536,1024,0.2903979037408411
0,57,128,64,8,8,0.125,0.8443097198383853,1.417598924123204,0.9407035269060827,0.9234103948068921,0.9349535428861674,1544,1536,1024,0.2871410969864273
0,58,128,64,8,8,0.125,0.8425499149959645,1.399535317201158,0.9459418891047903,0.9215640091868283,0.9369228876480612,1544,1536,1024,0.290109640740293
0,59,128,64,8,8,0.125,0.8398248032400479,1.4161076779926252,0.9573673582855987,0.9224721803969446,0.9367148034996968,1544,1536,1024,0.29469429986281465
0,60,128,64,8,8,0.125,0.8396337050870062,1.4083819714603787,0.9455771859091749,0.9232860028625021,0.933877836500929,1544,1536,1024,0.2950152412818665
0,61,128,64,8,8,0.125,0.8343467229728087,1.4271192718977495,0.9365925735012395,0.9215281903401246,0.9367828307788387,1544,1536,1024,0.303865545864535
0,62,128,64,8,8,0.125,0.8370049796472907,1.4018235657415663,0.9560665679109503,0.9171195192605579,0.9393090426205686,1544,1536,1024,0.2994226640456383
0,63,128,64,8,8,0.125,0.841976960980949,1.423154851964698,0.9352785241866846,0.9210605826979356,0.9339796084468829,1544,1536,1024,0.2910747971772854
0,64,128,64,8,8,0.125,0.8389221080642095,1.3972116133079706,0.92422599669131,0.9224840202050616,0.9340704335003744,1544,1536,1024,0.2962096966011031
0,65,128,64,8,8,0.125,0.8402304552587915,1.4101690011438754,0.947254545812354,0.9212439522373723,0.9293562938011745,1544,1536,1024,0.2940127820556043
0,66,128,64,8,8,0.125,0.8397736488708296,1.4056735626007895,0.926842622587519,0.9201640103221483,0.9324700657932238,1544,1536,1024,0.29478021866217247
0,67,128,64,8,8,0.125,0.8441371808552044,1.4098502942761153,0.9302926842485204,0.9224751408470155,0.9371917175141353,1544,1536,1024,0.28743241989782814
0,68,128,64,8,8,0.125,0.8454120519434442,1.4104003529204665,0.9175380204915242,0.9198411150552745,0.9360054999611124,1544,1536,1024,0.2852784624287753
0,69,128,64,8,8,0.125,0.8493894204037692,1.413514653776486,0.9227901954822048,0.9234502196798795,0.9326025912902121,1544,1536,1024,0.2785376125061491
0,70,128,64,8,8,0.125,0.8409169066037177,1.419217943194637,0.9393115929281803,0.9234518096558971,0.9364729885977364,1544,1536,1024,0.2928587561880346
0,71,128,64,8,8,0.125,0.8391245890748776,1.4080892925712336,0.9582288710977468,0.9230216847565994,0.9348096295032636,1544,1536,1024,0.2958699240099181
0,72,128,64,8,8,0.125,0.8421716275637787,1.4252882304314682,0.9245248500581652,0.9209749346321273,0.9310837173262697,1544,1536,1024,0.2907469497265756
0,73,128,64,8,8,0.125,0.8405795878729349,1.4155556722143452,0.9317032152022623,0.922543835321192,0.9343866296785456,1544,1536,1024,0.2934259564513668
0,74,128,64,8,8,0.125,0.8418900578967639,1.4245631180558438,0.9579350802916371,0.9166354334650495,0.9370660903160674,1544,1536,1024,0.2912211304145835
0,75,128,64,8,8,0.125,0.8420870329468463,1.4253636182885403,0.9462314316397136,0.9204945515808586,0.935609094828985,1544,1536,1024,0.29088942894277703
0,76,128,64,8,8,0.125,0.8446135025192711,1.4299419847019306,0.9231576762099809,0.9225659436976831,0.9350265566726444,1544,1536,1024,0.2866280313621291
0,77,128,64,8,8,0.125,0.8406117059519068,1.4184886975274351,0.9331477835994408,0.9217129930832734,0.9367729270594206,1544,1536,1024,0.29337195981662484
0,78,128,64,8,8,0.125,0.8357764615222825,1.4237056402061994,0.9040653188704141,0.9218755642004612,0.9378840188139134,1544,1536,1024,0.30147770636529275
0,79,128,64,8,8,0.125,0.8397721451367467,1.4237275899522028,0.953874451175242,0.9213831899527788,0.9356914724997412,1544,1536,1024,0.29478274425242673
0,80,128,64,8,8,0.125,0.835546878705794,1.4173034841040302,0.9189755395179114,0.9222644130180021,0.9361482099624698,1544,1536,1024,0.30186141348500545
0,81,128,64,8,8,0.125,0.8392142100670978,1.4227902506982715,0.9136809536035102,0.9220313920419799,0.9400261732327949,1544,1536,1024,0.29571950962145754
0,82,128,64,8,8,0.125,0.8403074247248769,1.4077975456013274,0.9101902501152543,0.9223684943042305,0.9350339021190642,1544,1536,1024,0.29388343195224537
0,83,128,64,8,8,0.125,0.8415142764592797,1.399913606391339,0.9579462313544909,0.9199887007481109,0.9389698210108823,1544,1536,1024,0.29185372251521496
0,84,128,64,8,8,0.125,0.8414982848729283,1.4113785712904403,0.932445864771511,0.9207774523475978,0.9378362049305927,1544,1536,1024,0.29188063655592
0,85,128,64,8,8,0.125,0.8373324630317642,1.4077622497853366,0.9157113760729806,0.9202895557033942,0.9318722523948213,1544,1536,1024,0.2988743463531591
0,86,128,64,8,8,0.125,0.8445938070617699,1.4009332224427256,0.9296253448240095,0.9231794016480781,0.9372001338877148,1544,1536,1024,0.286661301072906
0,87,128,64,8,8,0.125,0.8412198768913862,1.4140533132546234,0.9598269733662728,0.9237336704821054,0.9344966504983021,1544,1536,1024,0.29234911872284125
0,88,128,64,8,8,0.125,0.8437623650315594,1.4143933788118537,0.9294435101521755,0.9222149127524805,0.9377518832265883,1544,1536,1024,0.2880650713563495
0,89,128,64,8,8,0.125,0.8405117114892089,1.4142548479160069,0.9403478928610302,0.9197379994555462,0.9351404151860733,1544,1536,1024,0.29354006284948053
0,90,128,64,8,8,0.125,0.8399892599373606,1.4197771643692196,0.959457236220749,0.9240011419806754,0.9341994364650198,1544,1536,1024,0.2944180431898852
0,91,128,64,8,8,0.125,0.8440895740256097,1.4174839556788728,0.9425145674086975,0.922254136346995,0.9366502300141786,1544,1536,1024,0.2875127910212646
0,92,128,64,8,8,0.125,0.8418045177716965,1.417205434349167,0.9479368329684758,0.9222727410448026,0.9327518781260373,1544,1536,1024,0.2913651538591615
0,93,128,64,8,8,0.125,0.8410485986953351,1.399201928437731,0.9418909452617057,0.9200646042795508,0.9408213038689829,1544,1536,1024,0.29263725463261336
0,94,128,64,8,8,0.125,0.8433881859465162,1.3981319864654314,0.9185099115718461,0.9221605941930497,0.9352836463350831,1544,1536,1024,0.2886963678058441
0,95,128,64,8,8,0.125,0.8403286941788545,1.4136583803007867,0.9535767430125766,0.9214660554109874,0.9368478110145387,1544,1536,1024,0.29384768573966163
0,96,128,64,8,8,0.125,0.8422384181471564,1.4209215576029526,0.8963365325408883,0.9207038365408838,0.9358724353405794,1544,1536,1024,0.2906344469969755
0,97,128,64,8,8,0.125,0.8431654479061703,1.415222036662669,0.9447784101460637,0.9228536530363401,0.9339706378650149,1544,1536,1024,0.28907202745718724
0,98,128,64,8,8,0.125,0.8440730721277674,1.4158505599431133,0.9447419676943586,0.9195321602168641,0.9347189388878812,1544,1536,1024,0.2875406489087929
0,99,128,64,8,8,0.125,0.8448447848076839,1.4075767024674413,0.9271993167075903,0.9224559063619797,0.9337082102670398,1544,1536,1024,0.2862372895832583
0,100,128,64,8,8,0.125,0.8356174128727384,1.4180196065715305,0.9232460071862961,0.9239936098917837,0.932704626399529,1544,1536,1024,0.3017435393038714
0,101,128,64,8,8,0.125,0.8385401633825974,1.421782175113396,0.9187790946032287,0.9233029600439913,0.9338099469170869,1544,1536,1024,0.29685039439428695
0,102,128,64,8,8,0.125,0.8438922154041644,1.4258797581691243,0.938010546317836,0.9215157576567633,0.9353007364150656,1544,1536,1024,0.28784592878025117
0,103,128,64,8,8,0.125,0.8368301250018777,1.4119007150933005,0.9524826564137024,0.9200020566483192,0.9328629114663564,1544,1536,1024,0.2997153418893418
0,104,128,64,8,8,0.125,0.8371671615858729,1.413838925218464,0.9173343787161371,0.9198906853550631,0.9297384617598038,1544,1536,1024,0.29915114356225275
0,105,128,64,8,8,0.125,0.8431962790180387,1.420442202761405,0.9102107594656889,0.9190193846820057,0.9368513267636923,1544,1536,1024,0.28902003505013385
0,106,128,64,8,8,0.125,0.8424666452512627,1.39588163491352,0.9319606026748011,0.9229127542886181,0.936947634574726,1544,1536,1024,0.2902499516390831
0,107,128,64,8,8,0.125,0.8394790874308956,1.4200516241099232,0.9272911401219374,0.9190618028552431,0.9376188064317978,1544,1536,1024,0.2952748617661909
0,108,128,64,8,8,0.125,0.8439238629891632,1.4082530117628282,0.9511958505743658,0.9222234590247673,0.9357878234984314,1544,1536,1024,0.28779251347744805
0,109,128,64,8,8,0.125,0.8386346983691306,1.4182183533124935,0.9665306152381551,0.9182937571800143,0.9311558017548043,1544,1536,1024,0.29669184269131704
0,110,128,64,8,8,0.125,0.840942892539775,1.4265973660008084,0.9474956447504986,0.9228867255636048,0.9304513544026699,1544,1536,1024,0.292815051486836
0,111,128,64,8,8,0.125,0.8407046015167651,1.4180630238018939,0.9324133679641198,0.9213261019867858,0.9322171734721237,1544,1536,1024,0.29321577298853746
0,112,128,64,8,8,0.125,0.840755777196333,1.420592473698971,0.9489641027123794,0.9206715644850458,0.932221298087879,1544,1536,1024,0.2931297231109901
0,113,128,64,8,8,0.125,0.8436208561366327,1.400623065848955,0.9501455445044222,0.9195848581506244,0.932972213207436,1544,1536,1024,0.28830385109129447
0,114,128,64,8,8,0.125,0.8428405122662318,1.4257605863750338,0.9240763097072746,0.9208066418411947,0.9396583972073609,1544,1536,1024,0.28961987088279606
0,115,128,64,8,8,0.125,0.8440615073161085,1.419143409166126,0.9391071763706998,0.9223193264414257,0.9356794067150864,1544,1536,1024,0.287560171867259
0,116,128,64,8,8,0.125,0.8435843873136399,1.413039503733659,0.9439918551035431,0.9206052802588931,0.9356715409906889,1544,1536,1024,0.2883653814806708
0,117,128,64,8,8,0.125,0.8383482209160464,1.4215233561079534,0.9547689086326848,0.9222377596338089,0.9394383757229238,1544,1536,1024,0.2971722604868995
0,118,128,64,8,8,0.125,0.837638358072323,1.410090492264042,0.9206056209221651,0.9217800135839449,0.9351324845364921,1544,1536,1024,0.2983619810859027
0,119,128,64,8,8,0.125,0.8407627750814521,1.428060505603291,0.9381952879918074,0.9225149224780512,0.9333843393044804,1544,1536,1024,0.29311795603733537
0,120,128,64,8,8,0.125,0.8406260486324018,1.4270125186122327,0.9383887912008559,0.9228818976048646,0.9362047177356888,1544,1536,1024,0.29334784636067507
0,121,128,64,8,8,0.125,0.837765797152583,1.4104708904504184,0.9219046653320315,0.9206574285954783,0.9358735448846582,1544,1536,1024,0.29814846912129733
0,122,128,64,8,8,0.125,0.8377054707301628,1.4111690582350578,0.9045584997880055,0.9160414047677209,0.9348178416309003,1544,1536,1024,0.2982495443087563
0,123,128,64,8,8,0.125,0.8456922645016705,1.395523925444011,0.9214861627030385,0.921951807652624,0.9358684934523273,1544,1536,1024,0.2848045937620364
0,124,128,64,8,8,0.125,0.8418018413919309,1.4045901433274324,0.9360111548964624,0.9217939103270377,0.9363200025844753,1544,1536,1024,0.2913696598291544
0,125,128,64,8,8,0.125,0.8382105264262775,1.4140505519798177,0.9240688534308172,0.9207866503184745,0.9362808065927583,1544,1536,1024,0.2974031133881826
0,126,128,64,8,8,0.125,0.8431626529436088,1.423031963251465,0.9051531775149498,0.9208123971441943,0.9360287960695471,1544,1536,1024,0.28907674068109546
0,127,128,64,8,8,0.125,0.8370721731390969,1.4126586121785794,0.9569596769299584,0.9198218156639704,0.9367853457879604,1544,1536,1024,0.29931017695618967
0,128,128,64,8,8,0.125,0.8443101753400257,1.4094683353699835,0.9323110027594916,0.9218702715979299,0.9380495459168684,1544,1536,1024,0.2871403278172948
0,129,128,64,8,8,0.125,0.8389799207678134,1.4063495569899127,0.9374787574675613,0.9212142651187156,0.9327854563295706,1544,1536,1024,0.29611269254843336
0,130,128,64,8,8,0.125,0.8435836393156015,1.4242255407880748,0.9483745968684246,0.9214102066754514,0.9331410283479296,1544,1536,1024,0.288366643479045
0,131,128,64,8,8,0.125,0.8382403883935873,1.4112830154103173,0.9459471953174226,0.9217403801528162,0.9374370954654185,1544,1536,1024,0.297353051265768
0,132,128,64,8,8,0.125,0.8391669149926221,1.4086305891618003,0.9346954388862878,0.9218313870465799,0.936584857403453,1544,1536,1024,0.29579888878176513
0,133,128,64,8,8,0.125,0.8409471690043786,1.4127609020840983,0.9300382806965293,0.9172519154296394,0.9363326857297259,1544,1536,1024,0.2928078589435211
0,134,128,64,8,8,0.125,0.8395015646272019,1.4210266326156007,0.9362292694088794,0.9205355472469262,0.9378834110004384,1544,1536,1024,0.29523712298847987
0,135,128,64,8,8,0.125,0.8426998993389274,1.4049749491712633,0.9315083615474539,0.920884979722791,0.9372740509757254,1544,1536,1024,0.2898568796541618
0,136,128,64,8,8,0.125,0.8409779224651254,1.3970358881996214,0.920082854749518,0.9211020665606007,0.9381571157276759,1544,1536,1024,0.29275613392624156
0,137,128,64,8,8,0.125,0.8426212728181807,1.4060614529623787,0.9280159618856701,0.9227301661623876,0.9349994646128704,1544,1536,1024,0.28998939059426926
0,138,128,64,8,8,0.125,0.8418634614202543,1.4208664353508786,0.9480914075043857,0.9221557660196916,0.9342246763005846,1544,1536,1024,0.29126591232550814
0,139,128,64,8,8,0.125,0.8375757723482107,1.4243166595030907,0.9069328831858194,0.9217581876351638,0.9327646199800428,1544,1536,1024,0.29846682557529847
0,140,128,64,8,8,0.125,0.8352858940483651,1.4157344889074002,0.9546752992913544,0.9211616394186977,0.9374252042153489,1544,1536,1024,0.30229747520382355
0,141,128,64,8,8,0.125,0.8387339896732153,1.40901972552141,0.8684606008168524,0.924012628498624,0.9345018247736707,1544,1536,1024,0.2965252945668506
0,142,128,64,8,8,0.125,0.836889987335305,1.4074123694650824,0.9180919672879261,0.9188239419660116,0.9343109031302697,1544,1536,1024,0.29961514909791287
0,143,128,64,8,8,0.125,0.8409505897332109,1.4157762478286953,0.957676250778007,0.9245419436379209,0.9384419395494036,1544,1536,1024,0.2928021056273648
0,144,128,64,8,8,0.125,0.8409652378110689,1.4189966513957146,0.9211293314995799,0.918665523339229,0.935428436144268,1544,1536,1024,0.2927774687933726
0,145,128,64,8,8,0.125,0.8397784315218622,1.4135473862833519,0.9390774033374845,0.9186135836547796,0.9344254119971457,1544,1536,1024,0.29477218595068094
0,146,128,64,8,8,0.125,0.8360974512163273,1.4140940805688804,0.9237274747686384,0.9201373793880229,0.9378618390534079,1544,1536,1024,0.3009410520695613
0,147,128,64,8,8,0.125,0.8387698535046336,1.4126018320959377,0.9312781336793776,0.918404950747145,0.9328162769413805,1544,1536,1024,0.29646513285181525
0,148,128,64,8,8,0.125,0.8421354346478037,1.4222358376606348,0.9506081088571595,0.9218186636948675,0.934105578507063,1544,1536,1024,0.29080790971055454
0,149,128,64,8,8,0.125,0.8378960042059848,1.4263239917348012,0.9160502459411375,0.9214179890513918,0.9344913824348771,1544,1536,1024,0.29793028613564404
0,150,128,64,8,8,0.125,0.8402648499245216,1.420845366762151,0.9470550816902619,0.919853623800208,0.938299721609696,1544,1536,1024,0.2939549819813213
0,151,128,64,8,8,0.125,0.8427064380712738,1.4168631132602527,0.92531587632787,0.9222439622325734,0.9385309873401603,1544,1536,1024,0.2898458592332265
0,152,128,64,8,8,0.125,0.8353087194496347,1.4134104214021723,0.954294018210212,0.9212169557415272,0.9347817627336611,1544,1536,1024,0.30225934321141135
0,153,128,64,8,8,0.125,0.8441239690043507,1.4269247178167361,0.9587777308663515,0.9217484911890902,0.9320315824069808,1544,1536,1024,0.2874547249523418
0,154,128,64,8,8,0.125,0.8399028061926995,1.401625427871603,0.9147171651647971,0.9188655158688288,0.932747982721461,1544,1536,1024,0.2945632761496286
0,155,128,64,8,8,0.125,0.843859935462336,1.4147441420004312,0.9469065364975608,0.9222075822254066,0.9319552581565445,1544,1536,1024,0.2879004093215021
0,156,128,64,8,8,0.125,0.836952886398444,1.4200189921188224,0.9423335680837018,0.918489134879359,0.9414061065559347,1544,1536,1024,0.29950986594931334
0,157,128,64,8,8,0.125,0.8391146410563872,1.419512239309175,0.9482849875139324,0.9255279997945259,0.9359263126364136,1544,1536,1024,0.2958866191648102
0,158,128,64,8,8,0.125,0.8425136961600738,1.4046819082719788,0.9475067901017118,0.9183935070911882,0.9344524526165645,1544,1536,1024,0.29017067178269074
0,159,128,64,8,8,0.125,0.8374941542959274,1.4134366231642237,0.9143180860433142,0.9216005915685731,0.9377251710589422,1544,1536,1024,0.29860354152014923
0,160,128,64,8,8,0.125,0.8408423136487166,1.4056908909900736,0.9398468335397558,0.9218159693007586,0.9323525599067992,1544,1536,1024,0.29298420357787336
0,161,128,64,8,8,0.125,0.8375986526002609,1.408940278368978,0.9301767822553186,0.9204433713631931,0.9345565511198703,1544,1536,1024,0.2984284971622275
0,162,128,64,8,8,0.125,0.8396493502453257,1.4214821961935766,0.9327661518360101,0.9205017397855748,0.9325127608096788,1544,1536,1024,0.2949889686326022
0,163,128,64,8,8,0.125,0.8384654780238627,1.4219663820382629,0.9534276392763071,0.9231080419900182,0.9380370853360223,1544,1536,1024,0.2969756421622149
0,164,128,64,8,8,0.125,0.8408956375611601,1.4154118878341662,0.9418212640910489,0.9247928835569066,0.935818664543543,1544,1536,1024,0.29289452673061
0,165,128,64,8,8,0.125,0.838368263627533,1.4153801896543872,0.9355740083130468,0.9213608216053663,0.9329049824907146,1544,1536,1024,0.2971386545421552
0,166,128,64,8,8,0.125,0.8433359477656216,1.4237852269886067,0.9154098833500505,0.9203773329008231,0.9341122968659705,1544,1536,1024,0.28878447920626066
0,167,128,64,8,8,0.125,0.8447440327572797,1.418187462812285,0.932583803246485,0.9222222070194505,0.9384477463076875,1544,1536,1024,0.286407519120968
0,168,128,64,8,8,0.125,0.8425002273482066,1.4164261297012268,0.9293497433418023,0.9212432210602259,0.9380907355164185,1544,1536,1024,0.29019336691822023
0,169,128,64,8,8,0.125,0.8451547601429283,1.4212321788104274,0.9604561746276777,0.9241604985560621,0.9318226145481596,1544,1536,1024,0.2857134314077493
0,170,128,64,8,8,0.125,0.8425176968135654,1.414263991787069,0.9384882045242428,0.9211501582949309,0.9337902418670982,1544,1536,1024,0.29016393055596496
0,171,128,64,8,8,0.125,0.8356963292560189,1.4194889624623452,0.9524310070543617,0.9196271517048197,0.9310631187417256,1544,1536,1024,0.3016116452680157
0,172,128,64,8,8,0.125,0.8390920768538954,1.415020192156077,0.9224094027885059,0.9217577056350265,0.9317150432947257,1544,1536,1024,0.29592448656101655
0,173,128,64,8,8,0.125,0.8418520488295567,1.4131386111673876,0.9382038212421452,0.9204641154384273,0.937259776917656,1544,1536,1024,0.29128512788147765
0,174,128,64,8,8,0.125,0.8404071506021134,1.4153534522374585,0.9455531868651343,0.9182104379705542,0.9309743046732263,1544,1536,1024,0.293715821216837
0,175,128,64,8,8,0.125,0.8400751047678712,1.411291924095314,0.9336070033164631,0.9185944240303655,0.9319319288907391,1544,1536,1024,0.2942738183492499
0,176,128,64,8,8,0.125,0.8405566205481461,1.4112141872414805,0.9423774906907538,0.9231789972803821,0.9324631228548681,1544,1536,1024,0.29346456765267986
0,177,128,64,8,8,0.125,0.8420501604068045,1.3937579813130185,0.9309846169763808,0.919714021263481,0.9318752062033421,1544,1536,1024,0.29095152735887464
0,178,128,64,8,8,0.125,0.8416430579604746,1.4198340817805697,0.9276969495494647,0.9232736452651251,0.9339188118060585,1544,1536,1024,0.29163696298694136
0,179,128,64,8,8,0.125,0.8387422602713708,1.3840318121013904,0.941030166170452,0.9216713532813764,0.9339988521813993,1544,1536,1024,0.29651142083487214
0,180,128,64,8,8,0.125,0.8394327183987466,1.415200919385549,0.926627251399144,0.9214839698387972,0.9333199567913073,1544,1536,1024,0.2953527112816903
0,181,128,64,8,8,0.125,0.839407197454427,1.4118632138511642,0.9191203079538897,0.9231815211954935,0.9348133053465374,1544,1536,1024,0.2953955568617042
0,182,128,64,8,8,0.125,0.8444817985392121,1.4279472119285324,0.9336804956172072,0.921941518900147,0.9353448838867673,1544,1536,1024,0.2868504919359778
0,183,128,64,8,8,0.125,0.8378773576599657,1.4192588439730602,0.903912656223557,0.9208283410744156,0.9351665349361478,1544,1536,1024,0.29796153352075405
0,184,128,64,8,8,0.125,0.8395561351382687,1.425048719549438,0.9314886447367028,0.9199875514464897,0.9274875551404126,1544,1536,1024,0.2951454959516931
0,185,128,64,8,8,0.125,0.8373465656113526,1.398157554140332,0.9363987615711012,0.9195680211370505,0.9322429628008853,1544,1536,1024,0.2988507290588728
0,186,128,64,8,8,0.125,0.8396898682782205,1.4168857945818325,0.9471541010614325,0.9230619251548002,0.9381791808832801,1544,1536,1024,0.29492092511090473
0,187,128,64,8,8,0.125,0.8427981237824239,1.4199072506583348,0.9517504553866803,0.9208788242599132,0.9320182476225485,1544,1536,1024,0.28969132254882624
0,188,128,64,8,8,0.125,0.837882900070127,1.4128559091372896,0.9027384089349297,0.9200186275026764,0.9332194470258237,1544,1536,1024,0.29795224577007373
0,189,128,64,8,8,0.125,0.844237045660632,1.4081015584232133,0.9340516984955709,0.9195445562660473,0.9369883208740406,1544,1536,1024,0.2872638107342078
0,190,128,64,8,8,0.125,0.839127859823575,1.418571524996141,0.9545408382732907,0.9218550468613258,0.9298469973107127,1544,1536,1024,0.2958644348679066
0,191,128,64,8,8,0.125,0.8373295997426462,1.4219200304958166,0.9228270911330773,0.9193199474751124,0.9335430458620168,1544,1536,1024,0.2988791413948197
0,192,128,64,8,8,0.125,0.8414607538263591,1.4230443835267865,0.9308522812873218,0.921683849018201,0.9360966072141247,1544,1536,1024,0.2919437997699758
0,193,128,64,8,8,0.125,0.8457395413349388,1.4062001365608965,0.9402110417304527,0.9224509153741642,0.9347647289863306,1544,1536,1024,0.28472462822256733
0,194,128,64,8,8,0.125,0.8387921297234376,1.4074656819263356,0.9166112135000484,0.9204645929517175,0.9317932982896866,1544,1536,1024,0.2964277631140196
0,195,128,64,8,8,0.125,0.8423377527311074,1.4178044695291643,0.9177488596119627,0.921549305032505,0.9336049930886652,1544,1536,1024,0.2904671103239078
0,196,128,64,8,8,0.125,0.8419489191596561,1.427045653135866,0.925815926845912,0.922711058483956,0.9383904014121679,1544,1536,1024,0.29112201752588723
0,197,128,64,8,8,0.125,0.843364089908252,1.417033330977485,0.9658589521033878,0.9182708903875558,0.9327574778283144,1544,1536,1024,0.28873701185322587
0,198,128,64,8,8,0.125,0.8386197076571835,1.41772084821403,0.9341413448365784,0.9230601839538278,0.9360331997650334,1544,1536,1024,0.2967169859289798
0,199,128,64,8,8,0.125,0.8392417931729752,1.4127484888030661,0.9345066158351053,0.9216192196873376,0.9375976923044462,1544,1536,1024,0.2956732125918091
0,0,128,64,16,16,0.25,0.7011808771467419,1.4115086853804193,0.8660404301684972,0.8464200414918267,0.8747934966466125,3088,3072,2048,0.5083453775237254
0,1,128,64,16,16,0.25,0.6989745968103289,1.4067316134987284,0.8351742601306588,0.8425787489159736,0.8645545070205531,3088,3072,2048,0.5114345130138378
0,2,128,64,16,16,0.25,0.7046990811446731,1.4153095241738394,0.8664728324704962,0.8384133537281896,0.8667979584351887,3088,3072,2048,0.5033992050338535
0,3,128,64,16,16,0.25,0.7006545754418755,1.4186207045385748,0.8902716805657309,0.8441290138184421,0.8640021919214883,3088,3072,2048,0.5090831659123651
0,4,128,64,16,16,0.25,0.7023799797760009,1.4052998313577507,0.8669859415228711,0.8399186191088961,0.8673905692786938,3088,3072,2048,0.5066623640098648
0,5,128,64,16,16,0.25,0.6963819836469092,1.4110322044134191,0.85356160619342,0.8430385701024927,0.8731027957882947,3088,3072,2048,0.5150521328519959
0,6,128,64,16,16,0.25,0.7071810976119088,1.4201496180251585,0.8482702016830683,0.8445712456304186,0.8665599177456642,3088,3072,2048,0.4998948951804159
0,7,128,64,16,16,0.25,0.7048481335285591,1.413134559887189,0.863424876526855,0.843320720638469,0.8644429592043331,3088,3072,2048,0.5031891086613064
0,8,128,64,16,16,0.25,0.7025482612534119,1.4006356117414147,0.8643575701402224,0.84154427959295,0.8623825053928245,3088,3072,2048,0.5064259406098078
0,9,128,64,16,16,0.25,0.6959986496408181,1.4214269458881381,0.8681056295294872,0.8456634614320304,0.8646753731032325,3088,3072,2048,0.5155858796981577
0,10,128,64,16,16,0.25,0.7015766562841118,1.4192597660164272,0.8308361261414157,0.8446232234366366,0.867600169795342,3088,3072,2048,0.5077901953572053
0,11,128,64,16,16,0.25,0.7022239979994513,1.4205578782232724,0.8907452810827722,0.8437995453318557,0.8705558707386961,3088,3072,2048,0.5068814566336666
0,12,128,64,16,16,0.25,0.702209526611248,1.428440011383909,0.8705194713900746,0.8407600617704981,0.8600841694870792,3088,3072,2048,0.506901780736407
0,13,128,64,16,16,0.25,0.7017509339700642,1.4041535190976169,0.8565124078250531,0.8431528437577749,0.8715769415822048,3088,3072,2048,0.5075456266721426
0,14,128,64,16,16,0.25,0.7062437105442039,1.4079791745773445,0.8929782526406311,0.8425777320130617,0.868773885699668,3088,3072,2048,0.5012198213167546
0,15,128,64,16,16,0.25,0.6984382030959736,1.419867565806011,0.8552190084733639,0.8439578541644028,0.8648199488652293,3088,3072,2048,0.5121840764560679
0,16,128,64,16,16,0.25,0.6997243892815147,1.4198537368507254,0.8815812565685036,0.8425298828822612,0.87106877231469,3088,3072,2048,0.5103857790446115
0,17,128,64,16,16,0.25,0.6987161852820345,1.4206417593583105,0.8835637625783842,0.8431360175456519,0.8703340100567171,3088,3072,2048,0.5117956924249218
0,18,128,64,16,16,0.25,0.6958336713372119,1.411966015908785,0.868293472601669,0.846384992812748,0.8659032647804398,3088,3072,2048,0.5158155018333769
0,19,128,64,16,16,0.25,0.7001452846869569,1.406519666221975,0.8610898486603814,0.8466947385911852,0.8640454890650044,3088,3072,2048,0.50979658033062
0,20,128,64,16,16,0.25,0.7058299762740812,1.416434372895059,0.877196800421313,0.8450809646223287,0.8676067736634313,3088,3072,2048,0.50180404459293
0,21,128,64,16,16,0.25,0.7080922393255725,1.415129060184317,0.8747179936961345,0.8399880342264625,0.8644867454327662,3088,3072,2048,0.49860538060689635
0,22,128,64,16,16,0.25,0.6992146332239275,1.407030287643238,0.8327980685190731,0.8433095747320678,0.868381556432827,3088,3072,2048,0.5110988966855287
0,23,128,64,16,16,0.25,0.6977550363120236,1.4175105193572826,0.868492361131941,0.8455785189128158,0.868702452297975,3088,3072,2048,0.5131379093012066
0,24,128,64,16,16,0.25,0.7004755872025228,1.4096896993739838,0.8601381168517477,0.8412034280336328,0.8696514019892011,3088,3072,2048,0.509333951733281
0,25,128,64,16,16,0.25,0.7043811124551524,1.411913851679011,0.8476683542012887,0.8389116998040297,0.8721706985668389,3088,3072,2048,0.5038472484164418
0,26,128,64,16,16,0.25,0.6967634134215727,1.4042526585503705,0.9015997701493269,0.8410990836479731,0.8631148593478508,3088,3072,2048,0.5145207457171187
0,27,128,64,16,16,0.25,0.6985110882219319,1.4099750596096425,0.7983995641331619,0.8436658007339272,0.8637490660491218,3088,3072,2048,0.5120822596310122
0,28,128,64,16,16,0.25,0.6979230057321137,1.4206031064100286,0.8924015659770186,0.8398999781473558,0.8619537041808442,3088,3072,2048,0.5129034780698518
0,29,128,64,16,16,0.25,0.7012845699215735,1.4178528699836093,0.8836078252582252,0.8386681834010231,0.8679903579514805,3088,3072,2048,0.5081999519899134
0,30,128,64,16,16,0.25,0.6932259015150688,1.4082348149393484,0.8943921843036994,0.8372556602198026,0.8695976509173048,3088,3072,2048,0.5194378494686203
0,31,128,64,16,16,0.25,0.6978430942962374,1.419861218030802,0.8440201605475446,0.8418281032904091,0.8628889193673833,3088,3072,2048,0.5130150157430527
0,32,128,64,16,16,0.25,0.6973487996558606,1.4109042001284429,0.8390350731048003,0.8451329414785471,0.8653110707174946,3088,3072,2048,0.5137046516185303
0,33,128,64,16,16,0.25,0.708093506030302,1.4128710095784214,0.8940533442404714,0.8405042197021484,0.8664787281306081,3088,3072,2048,0.4986035867177149
0,34,128,64,16,16,0.25,0.7039965889853693,1.3901714435520283,0.8587599823201436,0.845202783200738,0.8644751938399442,3088,3072,2048,0.504388802696965
0,35,128,64,16,16,0.25,0.6987197614358821,1.4116740322836476,0.8038901373430835,0.8465781343393852,0.870275135812492,3088,3072,2048,0.511790694978984
0,36,128,64,16,16,0.25,0.7037094473212926,1.4229847341336535,0.9113215114292056,0.8460573438859413,0.8664937571817682,3088,3072,2048,0.504793013750761
0,37,128,64,16,16,0.25,0.7054437483686288,1.419721310680737,0.9046831404061569,0.8373542195211763,0.864212301832791,3088,3072,2048,0.5023491178876188
0,38,128,64,16,16,0.25,0.7025734840847431,1.4096839596852437,0.859015769164552,0.8417814312118891,0.8620306139017592,3088,3072,2048,0.5063904994610254
0,39,128,64,16,16,0.25,0.7017302561703127,1.4056489368004448,0.8623661404223711,0.8425878597388452,0.8643989423269631,3088,3072,2048,0.5075746475751475
0,40,128,64,16,16,0.25,0.6956252900725926,1.3927705015924774,0.9014056139325265,0.8402938826067743,0.8624775336573262,3088,3072,2048,0.5161054558114213
0,41,128,64,16,16,0.25,0.7006800209551381,1.4214895960432845,0.9032679304147272,0.8434099734377811,0.8610984644545722,3088,3072,2048,0.5090475082343071
0,42,128,64,16,16,0.25,0.7033782497586919,1.4082746496236695,0.823150743596484,0.839395237655344,0.8655350357091252,3088,3072,2048,0.5052590377663992
0,43,128,64,16,16,0.25,0.7065581738224965,1.4164645428224572,0.8721373950298347,0.8391209984306335,0.8738774521964416,3088,3072,2048,0.5007755470046189
0,44,128,64,16,16,0.25,0.6975509659746432,1.4180276318095288,0.8025374714928286,0.844111859539305,0.8736086081460371,3088,3072,2048,0.5134226498678423
0,45,128,64,16,16,0.25,0.6992071601456947,1.4184094639185674,0.9009837181386023,0.8423336247717667,0.8609769828240845,3088,3072,2048,0.5111093472009927
0,46,128,64,16,16,0.25,0.7057647399172515,1.4103582126833591,0.8611283066043562,0.8399947655153983,0.8591477081464582,3088,3072,2048,0.5018961318895343
0,47,128,64,16,16,0.25,0.6915039261853607,1.4041689684452794,0.8499799354845521,0.8431143445089897,0.8697435824200069,3088,3072,2048,0.5218223200702312
0,48,128,64,16,16,0.25,0.7000032715563004,1.436243549623603,0.8330403546736,0.8370756602057601,0.8692187186244152,3088,3072,2048,0.5099954198104761
0,49,128,64,16,16,0.25,0.705978983059934,1.4190756757052791,0.8884697699714129,0.8402014178164975,0.8696291762876291,3088,3072,2048,0.5015936754776613
0,50,128,64,16,16,0.25,0.6935295792556135,1.40764552768119,0.8632622840449897,0.842071603131255,0.8555893858896804,3088,3072,2048,0.5190167226975319
0,51,128,64,16,16,0.25,0.7024994522144051,1.4090222487187143,0.870448542945206,0.8384099603561836,0.8658429364443195,3088,3072,2048,0.506494519638461
0,52,128,64,16,16,0.25,0.6950036875109695,1.411983291412699,0.8634269472384953,0.8421412498861844,0.8639677847565015,3088,3072,2048,0.5169698743461544
0,53,128,64,16,16,0.25,0.7031189384640739,1.398692745087254,0.8641045160297159,0.8416869719948123,0.8701810039836644,3088,3072,2048,0.5056237583731538
0,54,128,64,16,16,0.25,0.700956878036886,1.4124750844772682,0.9204497951266635,0.8445992529543663,0.8608653219912931,3088,3072,2048,0.508659455132782
0,55,128,64,16,16,0.25,0.6992498790000784,1.4057528610220817,0.8582130573249606,0.841921272499578,0.8642122897507094,3088,3072,2048,0.5110496067183757
0,56,128,64,16,16,0.25,0.7013853630257207,1.4220644906736177,0.9016686574113445,0.8399534786126459,0.8662430804575891,3088,3072,2048,0.5080585725332778
0,57,128,64,16,16,0.25,0.7045826321713689,1.4125663364020546,0.857392334903594,0.8411772507388359,0.8654557017059228,3088,3072,2048,0.5035633144424653
0,58,128,64,16,16,0.25,0.7030820492648541,1.423334419389399,0.8654643090695557,0.8401688407922011,0.8601521070892665,3088,3072,2048,0.5056756320015333
0,59,128,64,16,16,0.25,0.7057982296893167,1.4106138732416298,0.8664028539395905,0.8390661524155023,0.8661210744431707,3088,3072,2048,0.5018488589674264
0,60,128,64,16,16,0.25,0.701943632609387,1.4126038782573025,0.873720834571423,0.8426374247054275,0.8660673096707407,3088,3072,2048,0.5072751366391383
0,61,128,64,16,16,0.25,0.6995562807673065,1.3961890712189138,0.8960653185540669,0.8436710317429791,0.8682321143351179,3088,3072,2048,0.5106210100390137
0,62,128,64,16,16,0.25,0.7047139156743166,1.4088231300623317,0.8822834419161172,0.8422644826514758,0.8657168146158485,3088,3072,2048,0.503378297054972
0,63,128,64,16,16,0.25,0.7009033757132603,1.415673288357925,0.8939150631793462,0.8446441686160103,0.8642313794796067,3088,3072,2048,0.5087344579137562
0,64,128,64,16,16,0.25,0.7046050108228163,1.4195536563463795,0.8868902975094147,0.8431369602635264,0.8688171034285386,3088,3072,2048,0.5035317787233787
0,65,128,64,16,16,0.25,0.7014659899907171,1.405765419956161,0.8827443323666146,0.8445438443878963,0.8636176847520568,3088,3072,2048,0.507945464886343
0,66,128,64,16,16,0.25,0.7023725355885483,1.41599002266592,0.8759603138509984,0.8417605525647589,0.8661241462423812,3088,3072,2048,0.5066728212509136
0,67,128,64,16,16,0.25,0.6989290727411519,1.4093989816275547,0.8526698549417576,0.8445278015571124,0.8650427992867538,3088,3072,2048,0.5114981512771933
0,68,128,64,16,16,0.25,0.6951568745419061,1.4094476886760252,0.8701881850885289,0.8392455297730208,0.8686192385746188,3088,3072,2048,0.5167569197771285
0,69,128,64,16,16,0.25,0.7046958912070724,1.4052691216531827,0.8824593464278508,0.8452248581746736,0.8593464325095719,3088,3072,2048,0.5034037009158698
0,70,128,64,16,16,0.25,0.7003942873060025,1.399730922633032,0.8228699224115201,0.8430350310935157,0.8650684721258328,3088,3072,2048,0.5094478423091168
0,71,128,64,16,16,0.25,0.7050469321648024,1.4031334696363773,0.8775705964529625,0.8400564634107958,0.8675042926569272,3088,3072,2048,0.5029088234450007
0,72,128,64,16,16,0.25,0.7023761117493876,1.4202416676428258,0.8718700956720393,0.843471009321263,0.862886814394462,3088,3072,2048,0.5066677976438114
0,73,128,64,16,16,0.25,0.6924133720908521,1.4095240756373801,0.8937437098115796,0.837570791878346,0.8622675767657126,3088,3072,2048,0.5205637221497754
0,74,128,64,16,16,0.25,0.6961009848895097,1.4027620327865489,0.8490967494341815,0.8421263333616732,0.8600755328505165,3088,3072,2048,0.5154434188358545
0,75,128,64,16,16,0.25,0.7061391528437714,1.4209327363687485,0.8530320428822683,0.8421734894957417,0.8695848794359615,3088,3072,2048,0.5013674968210808
0,76,128,64,16,16,0.25,0.6999055268232119,1.3988843253683725,0.8612564748437852,0.8422620251170007,0.8685951229661097,3088,3072,2048,0.5101322535223223
0,77,128,64,16,16,0.25,0.7018480951448777,1.4223497233768512,0.8448896310118247,0.8463470387788369,0.8642631690204833,3088,3072,2048,0.507409251341507
0,78,128,64,16,16,0.25,0.7038504635226922,1.412714800613355,0.8261657257416214,0.8421679071380657,0.8651002504909593,3088,3072,2048,0.5045945249988913
0,79,128,64,16,16,0.25,0.6992682941672989,1.3997684192230166,0.9006011651973134,0.8414163817421655,0.8685796326740045,3088,3072,2048,0.5110238527723564
0,80,128,64,16,16,0.25,0.7014756280862426,1.407081214966762,0.8374365340337501,0.8424355512617726,0.8679823867373437,3088,3072,2048,0.5079319432010112
0,81,128,64,16,16,0.25,0.6989845856949661,1.410205885889076,0.8594727100530783,0.8409148163478415,0.868914384388289,3088,3072,2048,0.5114205489608366
0,82,128,64,16,16,0.25,0.7069530316682283,1.4143184736554204,0.8687684111788857,0.8418193769789329,0.8694315973874968,3088,3072,2048,0.500217411015101
0,83,128,64,16,16,0.25,0.7046501154131032,1.4062572664028627,0.8919861558176838,0.8403767379960564,0.8713876140093746,3088,3072,2048,0.5034682148483005
0,84,128,64,16,16,0.25,0.7077583380396855,1.409365867620275,0.8540567115032921,0.8414141124051104,0.8632497375272248,3088,3072,2048,0.4990781349353024
0,85,128,64,16,16,0.25,0.702066862459138,1.405230747380965,0.8520567579129835,0.8403773594352913,0.8649392415506542,3088,3072,2048,0.507102120636782
0,86,128,64,16,16,0.25,0.7025660017312654,1.4146487127507184,0.8692508216353887,0.8431548941026075,0.8727883722010316,3088,3072,2048,0.5064010132113436
0,87,128,64,16,16,0.25,0.7028928094721449,1.4073943082843723,0.8888420461848722,0.8433624148059756,0.8596517489770799,3088,3072,2048,0.505941698392355
0,88,128,64,16,16,0.25,0.7080266211795355,1.4260770751122538,0.8845095436976309,0.8424632414389115,0.8716226798113517,3088,3072,2048,0.49869830370109064
0,89,128,64,16,16,0.25,0.7054552229233583,1.4080778878755589,0.8268334557975845,0.8428733794940534,0.8733133680066282,3088,3072,2048,0.502332928450155
0,90,128,64,16,16,0.25,0.7008935431613237,1.409764765562254,0.8870916643354235,0.8400440380491956,0.8650973431680531,3088,3072,2048,0.5087482411547656
0,91,128,64,16,16,0.25,0.7033541910407072,1.4071868604122186,0.8492828412234342,0.8428807546884747,0.8702057792354371,3088,3072,2048,0.5052928819454724
0,92,128,64,16,16,0.25,0.7026969970887673,1.4081130901235637,0.879806375430318,0.8394907726930082,0.8639977493135765,3088,3072,2048,0.506216930282429
0,93,128,64,16,16,0.25,0.7070164586306992,1.4175306443930806,0.8653681857258091,0.8455381589715871,0.8652797066718839,3088,3072,2048,0.5001277272253047
0,94,128,64,16,16,0.25,0.7023873466258505,1.4255224245194864,0.874665060712581,0.8407272154633667,0.8652332837895804,3088,3072,2048,0.5066520152998971
0,95,128,64,16,16,0.25,0.7069863767117547,1.402217098704334,0.8818184947278708,0.8414612491143733,0.876419492954192,3088,3072,2048,0.5001702631439848
0,96,128,64,16,16,0.25,0.7014015968709253,1.4230288880371176,0.8392187411136899,0.8419366066879295,0.8690610125503987,3088,3072,2048,0.5080357999069158
0,97,128,64,16,16,0.25,0.6951799270133421,1.4112088551794377,0.8648443924146868,0.838819287734817,0.8625881283782106,3088,3072,2048,0.5167248690777246
0,98,128,64,16,16,0.25,0.7067403402559158,1.4194900575486804,0.8438835596307209,0.841210141981512,0.8702732985192485,3088,3072,2048,0.5005180914549522
0,99,128,64,16,16,0.25,0.706786889137264,1.3912509087617653,0.8830998740247089,0.8435390840295445,0.8703847582058403,3088,3072,2048,0.5004522933436691
0,100,128,64,16,16,0.25,0.7074610398189202,1.412356079727708,0.8873700252288994,0.8429971819016815,0.8639119783193254,3088,3072,2048,0.49949887713833235
0,101,128,64,16,16,0.25,0.7034061266439074,1.4121103985553813,0.8440392481264816,0.8448152506899995,0.8683802106060152,3088,3072,2048,0.5052198209998151
0,102,128,64,16,16,0.25,0.6993082170387976,1.4118791778462003,0.8570850593480324,0.845581876709812,0.8692789771308985,3088,3072,2048,0.5109680175820177
0,103,128,64,16,16,0.25,0.7046716318924213,1.4007657580297341,0.8533363751836824,0.8427392809624333,0.8662165826902387,3088,3072,2048,0.5034378912060721
0,104,128,64,16,16,0.25,0.7082692396370286,1.4139803344968964,0.8517751484020974,0.8413485229117442,0.861707105125479,3088,3072,2048,0.4983546841839853
0,105,128,64,16,16,0.25,0.6982201226255147,1.4262325909490012,0.8154394981187207,0.8412894594901908,0.870279500832295,3088,3072,2048,0.5124886603608113
0,106,128,64,16,16,0.25,0.7058517825163511,1.4152034062100918,0.9081236097608881,0.8468270279606871,0.8679348175086891,3088,3072,2048,0.50177326111849
0,107,128,64,16,16,0.25,0.707729433774822,1.415187786251228,0.8556108470081895,0.8428869140920989,0.8683574000685111,3088,3072,2048,0.49911904856877015
0,108,128,64,16,16,0.25,0.7029176523655045,1.4233349567508211,0.9000933870404161,0.8434865450081582,0.8675780279267831,3088,3072,2048,0.5059067739929676
0,109,128,64,16,16,0.25,0.7007559390837657,1.4325652579960846,0.8786280049071264,0.8399728963166764,0.870578120867212,3088,3072,2048,0.5089411138388298
0,110,128,64,16,16,0.25,0.6997328291373698,1.412295762457915,0.8837306198050039,0.8428429230808517,0.8691072338087281,3088,3072,2048,0.5103739678274124
0,111,128,64,16,16,0.25,0.6986987801372782,1.4328206278342759,0.894091059848153,0.8456802649704785,0.8713265079873734,3088,3072,2048,0.5118200146346792
0,112,128,64,16,16,0.25,0.7009920350751447,1.403365377219641,0.8909656727601243,0.8422604713659202,0.8604290091025891,3088,3072,2048,0.5086101667612071
0,113,128,64,16,16,0.25,0.6986788964720859,1.4172583702759673,0.849557197476962,0.8415053694915671,0.871054647518101,3088,3072,2048,0.5118477996245484
0,114,128,64,16,16,0.25,0.699804150236183,1.4136383569863162,0.8772622196348784,0.8426597722241661,0.8704650162863641,3088,3072,2048,0.5102741513122138
0,115,128,64,16,16,0.25,0.699501657029742,1.401100284102103,0.8700884368013622,0.8463692472512837,0.8718671816897879,3088,3072,2048,0.510697431812645
0,116,128,64,16,16,0.25,0.7009680604980179,1.414108837947177,0.8731708264566652,0.8418171220255009,0.8681498736312855,3088,3072,2048,0.5086437781616472
0,117,128,64,16,16,0.25,0.701101758976728,1.4206214926183642,0.9008216623567497,0.8412294764602225,0.8743841591573425,3088,3072,2048,0.5084563235597379
0,118,128,64,16,16,0.25,0.6991802086313853,1.4059298873830555,0.9092804834397947,0.8433024800357332,0.8625913687450001,3088,3072,2048,0.5111470358581726
0,119,128,64,16,16,0.25,0.6984542294714591,1.4128365710984376,0.8767018973043065,0.8353830674781557,0.8644142349409558,3088,3072,2048,0.5121616893334305
0,120,128,64,16,16,0.25,0.6975729957221147,1.4247177659638455,0.8609842050517321,0.8408284959857407,0.8651710035556154,3088,3072,2048,0.5133919156392743
0,121,128,64,16,16,0.25,0.6974496371258214,1.4094050052586409,0.8480852066579831,0.8355321804250221,0.8675801692307156,3088,3072,2048,0.5135640036730601
0,122,128,64,16,16,0.25,0.7001156792878426,1.4121024844918932,0.8580909357048099,0.841365940333763,0.8609190337196382,3088,3072,2048,0.5098380356153231
0,123,128,64,16,16,0.25,0.7062786885774336,1.4185522609313126,0.8733227359238505,0.8414007841419682,0.870787708957465,3088,3072,2048,0.5011704140613408
0,124,128,64,16,16,0.25,0.7054517287746603,1.4102529899100928,0.8714303121359304,0.844883381681848,0.8624148508459551,3088,3072,2048,0.5023378583688429
0,125,128,64,16,16,0.25,0.6933714550274096,1.4164173068763635,0.8537694871914984,0.8478196200812966,0.864430589808254,3088,3072,2048,0.5192360253531728
0,126,128,64,16,16,0.25,0.7057506427678057,1.4147222990918287,0.9107396974698504,0.8436613514680367,0.8684965680421791,3088,3072,2048,0.501916030232829
0,127,128,64,16,16,0.25,0.6989421766350806,1.4109347786039819,0.872315496559504,0.8422629082592719,0.8687352398106705,3088,3072,2048,0.5114798337206157
0,128,128,64,16,16,0.25,0.700916536065211,1.4090016339965445,0.8616028098827441,0.8401109272276465,0.8686079778805694,3088,3072,2048,0.5087160094703457
0,129,128,64,16,16,0.25,0.7066726119647846,1.4138093370520122,0.8429919989473343,0.8443660718808269,0.8596122639563097,3088,3072,2048,0.5006138194988686
0,130,128,64,16,16,0.25,0.7000725939305191,1.416339432105426,0.8681339696019565,0.8422870113004363,0.8678667544688955,3088,3072,2048,0.5098983632273949
0,131,128,64,16,16,0.25,0.6984386690569243,1.4114579528756241,0.8930639899672491,0.8418721551461251,0.8716037500908608,3088,3072,2048,0.5121834255659922
0,132,128,64,16,16,0.25,0.6997602184802981,1.4209083774313862,0.8273337569290748,0.8439310386234502,0.863522097441536,3088,3072,2048,0.5103356366324056
0,133,128,64,16,16,0.25,0.7037142130395483,1.4009703493217855,0.8790140588021625,0.8410592095005044,0.8681730102412722,3088,3072,2048,0.5047863063661295
0,134,128,64,16,16,0.25,0.7041785397778556,1.4061418130906362,0.8139351556541762,0.8451116754380702,0.865895711503306,3088,3072,2048,0.504132584116327
0,135,128,64,16,16,0.25,0.7022551934940604,1.4141940866449856,0.8704003626163677,0.8404178528127315,0.8677079328568981,3088,3072,2048,0.5068376432106199
0,136,128,64,16,16,0.25,0.7009303944497619,1.4126259554494265,0.8328414762785828,0.8441723290414473,0.8674717745503145,3088,3072,2048,0.508696582136501
0,137,128,64,16,16,0.25,0.6975292615158021,1.410415487178014,0.8605804287092279,0.8410812136158028,0.8669869841285017,3088,3072,2048,0.5134529293292197
0,138,128,64,16,16,0.25,0.7028452925695426,1.3999423167896665,0.878077578642879,0.8434872811663227,0.8728001766316208,3088,3072,2048,0.506008494712834
0,139,128,64,16,16,0.25,0.699230752115619,1.4109849388423388,0.8702337343594829,0.8415316400585191,0.8687581961750047,3088,3072,2048,0.5110763552958255
0,140,128,64,16,16,0.25,0.7037760354092213,1.4177449629963956,0.8428939791753828,0.8407366148593792,0.8650637792441106,3088,3072,2048,0.5046992919836786
0,141,128,64,16,16,0.25,0.701082846331477,1.4055180439899273,0.8505441893325156,0.8421389798693134,0.8603165221599187,3088,3072,2048,0.5084828425797544
0,142,128,64,16,16,0.25,0.7002068632631286,1.4229142542899382,0.8632506463471444,0.848220449205763,0.8669516551139772,3088,3072,2048,0.5097103486392103
0,143,128,64,16,16,0.25,0.7048487109056285,1.4159264833770915,0.8758519610064904,0.8441550848981166,0.8664224661368009,3088,3072,2048,0.5031882947346737
0,144,128,64,16,16,0.25,0.69842687592419,1.4168841521905289,0.8521513230088684,0.8413035884544487,0.8660113832224661,3088,3072,2048,0.5121998989867765
0,145,128,64,16,16,0.25,0.699106186067487,1.415700371635302,0.8021988061481574,0.8452183659250515,0.8631184856913856,3088,3072,2048,0.5112505406021723
0,146,128,64,16,16,0.25,0.7025353761884305,1.4132085444076943,0.8803534440453199,0.8407077444282561,0.8716203666119563,3088,3072,2048,0.5064440452037805
0,147,128,64,16,16,0.25,0.7003194014835138,1.4191027960027107,0.8745834479714787,0.8414848169894947,0.8649193415907968,3088,3072,2048,0.5095527359057729
0,148,128,64,16,16,0.25,0.7001638889873842,1.4203428433918341,0.8743958283752784,0.8423401301038183,0.8636876723611947,3088,3072,2048,0.5097705285580617
0,149,128,64,16,16,0.25,0.6981085087916349,1.4274559611861286,0.9030422230172925,0.8418042774080341,0.8666080282956751,3088,3072,2048,0.5126445099527198
0,150,128,64,16,16,0.25,0.7034150691758219,1.3983266418669609,0.842128502934827,0.845370879729816,0.8664930278864756,3088,3072,2048,0.5052072404563738
0,151,128,64,16,16,0.25,0.6933641683865398,1.4113684345242161,0.8490812420063297,0.8387800302114574,0.8707406513257328,3088,3072,2048,0.519246129997642
0,152,128,64,16,16,0.25,0.6944949701299714,1.4062666109764919,0.8916935719231234,0.8454381296810303,0.867764517706891,3088,3072,2048,0.5176767364641703
0,153,128,64,16,16,0.25,0.698276035111859,1.4211247963411449,0.8203973384250601,0.8430304917904126,0.8669497034008431,3088,3072,2048,0.5124105787884621
0,154,128,64,16,16,0.25,0.6995404102922181,1.3989914682506943,0.8821588717679775,0.8389496262551791,0.8664351349198759,3088,3072,2048,0.5106432143681949
0,155,128,64,16,16,0.25,0.7087134871583334,1.4113238397781798,0.8939992985329254,0.8416761820343107,0.8662529943360409,3088,3072,2048,0.4977251931198749
0,156,128,64,16,16,0.25,0.7091958912752663,1.416914969458692,0.8536500918309275,0.8465609600219174,0.8642452207739688,3088,3072,2048,0.49704118779828077
0,157,128,64,16,16,0.25,0.7000722150513929,1.419147055414819,0.8435718468883681,0.8428455789041761,0.8671420222920836,3088,3072,2048,0.5098988937130361
0,158,128,64,16,16,0.25,0.7021860589868232,1.4211100078960013,0.8823332105782871,0.8432736644002085,0.8671534932629402,3088,3072,2048,0.5069347385645537
0,159,128,64,16,16,0.25,0.7048402679342168,1.4124661171377804,0.8697919377013492,0.8448919226497572,0.8686458188357223,3088,3072,2048,0.5032001966984214
0,160,128,64,16,16,0.25,0.6927920093142168,1.4221553883515667,0.8888340638508295,0.8397358123658667,0.8675192046009187,3088,3072,2048,0.5200392318303699
0,161,128,64,16,16,0.25,0.6979974974304272,1.4249788955265617,0.8401056619795717,0.8375300571033544,0.8681976815241556,3088,3072,2048,0.5127994935808606
0,162,128,64,16,16,0.25,0.6960879588412489,1.4114096262897544,0.8632938333599182,0.8377361790104152,0.8614457110220193,3088,3072,2048,0.5154615535562238
0,163,128,64,16,16,0.25,0.708096923698628,1.4228836650833578,0.8549315233151584,0.8454643505905173,0.8664203686780627,3088,3072,2048,0.4985987466485395
0,164,128,64,16,16,0.25,0.6945207750871556,1.407761990921741,0.86969616317512,0.8409851711136752,0.8668037850950623,3088,3072,2048,0.5176408929723365
0,165,128,64,16,16,0.25,0.7008369796213509,1.4030201710057844,0.8457257613120345,0.8394345980222802,0.8717673556873556,3088,3072,2048,0.5088275279952222
0,166,128,64,16,16,0.25,0.7024232082348729,1.4132369810294456,0.8255401101576609,0.8415392234013407,0.8647299686579715,3088,3072,2048,0.5066016365330285
0,167,128,64,16,16,0.25,0.7038004848208951,1.4103084501963257,0.8479591098076518,0.845890954131317,0.8657753776719903,3088,3072,2048,0.5046648775658731
0,168,128,64,16,16,0.25,0.7042122787497418,1.411855037007576,0.8424823326818773,0.8459627397202956,0.868997386442601,3088,3072,2048,0.504085066458096
0,169,128,64,16,16,0.25,0.6963161552606028,1.419586271294101,0.8238040898946785,0.8435187139569669,0.8703735253811946,3088,3072,2048,0.5151438119230919
0,170,128,64,16,16,0.25,0.699740695666839,1.4152530654196886,0.8691489208790523,0.8428723720287421,0.8709900918539576,3088,3072,2048,0.5103629588276881
0,171,128,64,16,16,0.25,0.6992414093615632,1.415588672319332,0.9124235241775385,0.844812056765167,0.8642047868895665,3088,3072,2048,0.5110614514340551
0,172,128,64,16,16,0.25,0.702925185274297,1.4206239987061866,0.8638662275711925,0.8415868544590002,0.8604867414824511,3088,3072,2048,0.5058961839070956
0,173,128,64,16,16,0.25,0.7098332579353047,1.4178887228287058,0.8648186274804062,0.8400173958828295,0.8668016151582864,3088,3072,2048,0.4961367459289511
0,174,128,64,16,16,0.25,0.7041940186783086,1.4236812031613273,0.8133274489622071,0.8409693823091362,0.8653885246679539,3088,3072,2048,0.5041107840576939
0,175,128,64,16,16,0.25,0.7001949459478808,1.4205655875885408,0.8674288991556873,0.83818829835952,0.8610847979355606,3088,3072,2048,0.5097270376690444
0,176,128,64,16,16,0.25,0.7062265155971816,1.4188388403765946,0.8120346056610199,0.8391566260227253,0.8730686775693215,3088,3072,2048,0.5012441086674637
0,177,128,64,16,16,0.25,0.6950020820135319,1.4103907145780692,0.801310891605541,0.8457212472620421,0.8669393959846294,3088,3072,2048,0.5169721059968561
0,178,128,64,16,16,0.25,0.6896977966503667,1.4147906593828643,0.8845179908756138,0.8400101209690594,0.8744895065366576,3088,3072,2048,0.5243169492956298
0,179,128,64,16,16,0.25,0.6979542086907469,1.4263876320892461,0.8824834153806174,0.8443760806929586,0.8692460578073329,3088,3072,2048,0.5128599225708734
0,180,128,64,16,16,0.25,0.7016382417944027,1.4182014367516356,0.9019577305563373,0.8450934630875142,0.8671993757523723,3088,3072,2048,0.5077037776516594
0,181,128,64,16,16,0.25,0.701763876209341,1.4165762897789809,0.9130789889055971,0.8420483344650803,0.8610908966654744,3088,3072,2048,0.5075274620476407
0,182,128,64,16,16,0.25,0.7015790958600867,1.416568389164832,0.8727590194517778,0.841934470173043,0.8687559828968431,3088,3072,2048,0.5077867722521435
0,183,128,64,16,16,0.25,0.7035755939062486,1.4174817990041448,0.8632070909671984,0.8475840939777609,0.870573348122396,3088,3072,2048,0.5049813836594695
0,184,128,64,16,16,0.25,0.7014717331757124,1.3985618513100662,0.8822740744896652,0.8410085192106532,0.8654739656888443,3088,3072,2048,0.5079374075554621
0,185,128,64,16,16,0.25,0.7019882708727687,1.4116613535388567,0.8627576812460774,0.8426785647494591,0.8639234597707947,3088,3072,2048,0.50721246755706
0,186,128,64,16,16,0.25,0.7014646371570042,1.4089954904970865,0.849122062800905,0.8458174128336932,0.8663616245034638,3088,3072,2048,0.5079473628181922
0,187,128,64,16,16,0.25,0.7050358568048443,1.413080266955173,0.867076577743939,0.8457483228913528,0.8616210560064687,3088,3072,2048,0.5029244406194592
0,188,128,64,16,16,0.25,0.703828506574666,1.4124746741286316,0.857424835791191,0.8457488142862257,0.8727611151887872,3088,3072,2048,0.5046254333328755
0,189,128,64,16,16,0.25,0.7023918450631731,1.424393395980259,0.8603015884478966,0.8461050089510035,0.8634733973930624,3088,3072,2048,0.5066456959887513
0,190,128,64,16,16,0.25,0.7028302793699036,1.4242565726962801,0.8668878828828711,0.8423684581288486,0.869135118561494,3088,3072,2048,0.5060295984008234
0,191,128,64,16,16,0.25,0.6975948477145437,1.4185016974593394,0.8794596183959195,0.8396040368589113,0.8632507243529606,3088,3072,2048,0.5133614284421226
0,192,128,64,16,16,0.25,0.6985943441488974,1.4183741262944374,0.8186141904381662,0.8439143503240802,0.8676618357385799,3088,3072,2048,0.5119659423231719
0,193,128,64,16,16,0.25,0.7048498720184195,1.4093145495116919,0.927049911557111,0.8427190293794612,0.8643186626953745,3088,3072,2048,0.5031866579156177
0,194,128,64,16,16,0.25,0.6975132440849786,1.4245864784604738,0.8897612414485118,0.8440638079970378,0.8692192132349588,3088,3072,2048,0.513475274326049
0,195,128,64,16,16,0.25,0.7038278086054538,1.4010206283061148,0.8776496110452655,0.8424934247984736,0.8641939085808015,3088,3072,2048,0.5046264158336445
0,196,128,64,16,16,0.25,0.6980745153775644,1.4105292177132558,0.8668224639234835,0.8405543459679771,0.8631318528368331,3088,3072,2048,0.5126919709803787
0,197,128,64,16,16,0.25,0.7001352060712478,1.4308144379559091,0.8801050125779406,0.8422713968013344,0.8621588712085915,3088,3072,2048,0.5098106932195715
0,198,128,64,16,16,0.25,0.7017711800668287,1.4249255065127415,0.8611913940978398,0.8401342722194988,0.8664043507666603,3088,3072,2048,0.5075172108276105
0,199,128,64,16,16,0.25,0.7047648752455116,1.4132972693108599,0.8664666423280609,0.8439800765996723,0.8690268125470979,3088,3072,2048,0.5033064706201785
0,0,128,64,32,32,0.5,0.4576504222650124,1.4085747078839925,0.7670966705050498,0.6681336301948705,0.7109283526323958,6176,6144,4096,0.7905560910006557
0,1,128,64,32,32,0.5,0.45544482389062635,1.4136061989875406,0.6790255334740116,0.6692679699801113,0.697797693199513,6176,6144,4096,0.7925700123912365
0,2,128,64,32,32,0.5,0.46004675559709585,1.4183833408282076,0.6488143730500502,0.6752068112586203,0.702268958941267,6176,6144,4096,0.788356982664586
0,3,128,64,32,32,0.5,0.45660217903884626,1.4138543352807211,0.7087228749715799,0.6668910442682857,0.7001859328586191,6176,6144,4096,0.7915144500969775
0,4,128,64,32,32,0.5,0.449725383914564,1.426737291167052,0.6726121886017812,0.6701039193113121,0.7147971787725779,6176,6144,4096,0.7977470790628981
0,5,128,64,32,32,0.5,0.45794946982820445,1.4157979187006762,0.7076035786357363,0.6735712710673285,0.7095530358803145,6176,6144,4096,0.7902822830840663
0,6,128,64,32,32,0.5,0.46444467262893246,1.4141953718831344,0.7701472576013111,0.6709125921485518,0.7107996730820518,6176,6144,4096,0.7842911460666034
0,7,128,64,32,32,0.5,0.45725465967905315,1.4167709200400957,0.7214034878927481,0.6704264046754873,0.7048362905979987,6176,6144,4096,0.7909181762017933
0,8,128,64,32,32,0.5,0.456645386092961,1.3921204101410982,0.7506379576464051,0.6720572712964065,0.7102107555717138,6176,6144,4096,0.7914749913600105
0,9,128,64,32,32,0.5,0.4619922511632899,1.418696521083697,0.6785175353024061,0.6726963684583238,0.7040192441505283,6176,6144,4096,0.7865631598650754
0,10,128,64,32,32,0.5,0.4626144078539901,1.417572731047743,0.7279458868881634,0.6684334130580779,0.7131187081428749,6176,6144,4096,0.7859879096459018
0,11,128,64,32,32,0.5,0.4521181244399251,1.418942535682858,0.7318273883253418,0.6731395465616413,0.7037046481611289,6176,6144,4096,0.7955892015529245
0,12,128,64,32,32,0.5,0.45775292409332685,1.4243686949661827,0.7397334422972746,0.6690002236908458,0.7048574102458528,6176,6144,4096,0.7904622604840089
0,13,128,64,32,32,0.5,0.4569531592400827,1.4170248443536,0.6881540080072311,0.673926675572671,0.7067320031510359,6176,6144,4096,0.7911938102605078
0,14,128,64,32,32,0.5,0.46282251519369705,1.410415758558191,0.674261388787378,0.6678957061138451,0.7140237534067774,6176,6144,4096,0.78579531942978
0,15,128,64,32,32,0.5,0.45479542579943877,1.3980532736129316,0.7191027751897006,0.6706045824412384,0.7027839089527546,6176,6144,4096,0.7931611206719074
0,16,128,64,32,32,0.5,0.45738639705645084,1.426960284988635,0.6849188998705762,0.6680712820251277,0.6957631892801768,6176,6144,4096,0.7907976837877188
0,17,128,64,32,32,0.5,0.45739607418001477,1.4139385093619117,0.7772131668586235,0.6741475218190696,0.7084456040512139,6176,6144,4096,0.7907888313247106
0,18,128,64,32,32,0.5,0.46102002176317886,1.4137359422680376,0.6691169018649734,0.669525284799106,0.6956215405513176,6176,6144,4096,0.7874605395334782
0,19,128,64,32,32,0.5,0.4498595221315083,1.405338330294246,0.6819091727571382,0.6728839698797768,0.7075266161285563,6176,6144,4096,0.7976264103476108
0,20,128,64,32,32,0.5,0.459048809429999,1.419892713137156,0.6612492437373223,0.6774530065134977,0.7081958245830096,6176,6144,4096,0.7892741905609005
0,21,128,64,32,32,0.5,0.451783597879772,1.4340491584187824,0.7338736678994996,0.6654327439770897,0.7124886154202864,6176,6144,4096,0.7958915806868085
0,22,128,64,32,32,0.5,0.45998873605091145,1.4296791700277864,0.694408414349588,0.677741062189205,0.7127094741076482,6176,6144,4096,0.7884103627062847
0,23,128,64,32,32,0.5,0.46104959208504104,1.421467059719458,0.7056762950654031,0.6708677743158502,0.7075373786234314,6176,6144,4096,0.7874332736382172
0,24,128,64,32,32,0.5,0.45616621560815535,1.4111964803884993,0.7095018961100904,0.668857962177228,0.7154999576944797,6176,6144,4096,0.7919123837377339
0,25,128,64,32,32,0.5,0.46104165033256034,1.3989474630514196,0.6581919248643063,0.6787036542045304,0.7121652790301908,6176,6144,4096,0.7874405966586292
0,26,128,64,32,32,0.5,0.4539698134232668,1.4021763937093188,0.6193085266994851,0.6720498514784736,0.7148793023008035,6176,6144,4096,0.7939114085004443
0,27,128,64,32,32,0.5,0.4612562381338791,1.4146872409035471,0.7155996543336025,0.6734908748441799,0.7112249968597651,6176,6144,4096,0.787242682782582
0,28,128,64,32,32,0.5,0.46433562207918916,1.4094846073740632,0.7625825184508224,0.6699744521681689,0.712966785714208,6176,6144,4096,0.7843924300683325
0,29,128,64,32,32,0.5,0.459425961658595,1.4196883883527982,0.6979547920466685,0.672510880483068,0.7069455528555334,6176,6144,4096,0.7889277857540752
0,30,128,64,32,32,0.5,0.4597173916179159,1.3968575940691264,0.6926148776521404,0.6721580469635549,0.7086907104757945,6176,6144,4096,0.7886599198440198
0,31,128,64,32,32,0.5,0.45671791194054767,1.3978416678540855,0.6546645445556591,0.6677987908837231,0.7190111518655868,6176,6144,4096,0.791408748912666
0,32,128,64,32,32,0.5,0.4601666102382735,1.4130973599970782,0.6925242285992107,0.6700074067602994,0.7087835452124489,6176,6144,4096,0.7882466908218169
0,33,128,64,32,32,0.5,0.4594726544903125,1.4123721810128795,0.7416056432679758,0.6756555393030591,0.7091658510216492,6176,6144,4096,0.7888848797756259
0,34,128,64,32,32,0.5,0.4603310152569021,1.4128450745675252,0.7193388203327068,0.6680969267045601,0.7047294883760863,6176,6144,4096,0.7880953563925496
0,35,128,64,32,32,0.5,0.45197680719131766,1.4159150475174007,0.7422086178824183,0.6768911056415182,0.7114413252587919,6176,6144,4096,0.7957169657611425
0,36,128,64,32,32,0.5,0.45420509927822744,1.415834554863787,0.7082267296103453,0.6654703025150742,0.7111571772692665,6176,6144,4096,0.7936977277896555
0,37,128,64,32,32,0.5,0.4581285919439636,1.408633952146212,0.7034688153895541,0.668617798532454,0.7078432416774901,6176,6144,4096,0.7901181932434413
0,38,128,64,32,32,0.5,0.4603250889555739,1.4215891911953848,0.6770340399171768,0.6695210784651582,0.7128700030968518,6176,6144,4096,0.7881008124780429
0,39,128,64,32,32,0.5,0.4621091594897666,1.4073065898395418,0.6701977582725095,0.6724034925100849,0.7074863026208859,6176,6144,4096,0.7864551247156615
0,40,128,64,32,32,0.5,0.46087996116083385,1.3984679925047356,0.6846291351205461,0.6759283243334857,0.7145482648968386,6176,6144,4096,0.7875896614003883
0,41,128,64,32,32,0.5,0.45389521989554077,1.407234138095189,0.7543386499409689,0.6716117159243351,0.7016032757407358,6176,6144,4096,0.7939791293559788
0,42,128,64,32,32,0.5,0.4580069501544107,1.4125061139142219,0.6970273504670207,0.6657458179537439,0.7073720421642006,6176,6144,4096,0.7902296336102552
0,43,128,64,32,32,0.5,0.4524204379598274,1.4289843577847359,0.7613286778686223,0.673389432119208,0.706588726056754,6176,6144,4096,0.7953157473162379
0,44,128,64,32,32,0.5,0.464128270964348,1.4113304610981088,0.6916414716405884,0.6732381228213459,0.7043110855107535,6176,6144,4096,0.7845849480916447
0,45,128,64,32,32,0.5,0.4592636489652212,1.4099706838209423,0.6734040678478104,0.6706219200495165,0.7142128124147324,6176,6144,4096,0.7890769007391502
0,46,128,64,32,32,0.5,0.4555971072626378,1.4255690408015134,0.6838840280660957,0.6702651793759483,0.6998519523852726,6176,6144,4096,0.7924312758539165
0,47,128,64,32,32,0.5,0.4574224532529015,1.4173932983272444,0.6848741736224645,0.6726742942918759,0.7109237962506852,6176,6144,4096,0.7907646992600972
0,48,128,64,32,32,0.5,0.4500159217841118,1.4077224228188496,0.6636412820385204,0.6743187678975328,0.7111266507814402,6176,6144,4096,0.7974856701407961
0,49,128,64,32,32,0.5,0.4558494441688783,1.4096642030560846,0.732529200941353,0.6668165610196348,0.7070392669447861,6176,6144,4096,0.792201284250925
0,50,128,64,32,32,0.5,0.45551055493046166,1.4043118667862995,0.737294946495618,0.6670759180617719,0.7101800182501646,6176,6144,4096,0.7925101343469428
0,51,128,64,32,32,0.5,0.45609216303529504,1.4047980038806067,0.7004289573757964,0.6677378803036033,0.6959164903839083,6176,6144,4096,0.7919799388177858
0,52,128,64,32,32,0.5,0.4587547723887906,1.407616757885459,0.7306174755654604,0.6697487786244127,0.7052488161878079,6176,6144,4096,0.7895440588105089
0,53,128,64,32,32,0.5,0.45290380516078393,1.427896689440126,0.6835750874345559,0.6730571175560208,0.6954577586599381,6176,6144,4096,0.7948781432708825
0,54,128,64,32,32,0.5,0.4608525836887334,1.4107079498734785,0.7388830151542316,0.6732439548150506,0.7143376288409994,6176,6144,4096,0.7876148961074191
0,55,128,64,32,32,0.5,0.46019532461658574,1.4160840126019465,0.6908248939189175,0.6730172567751392,0.7155000912266096,6176,6144,4096,0.788220263201035
0,56,128,64,32,32,0.5,0.4531633034761497,1.426597195873818,0.669657022305871,0.6796722747217336,0.7014165341678359,6176,6144,4096,0.7946430203825832
0,57,128,64,32,32,0.5,0.4513259554925363,1.408559091246934,0.6899618964302785,0.6725151059968925,0.7070009070276411,6176,6144,4096,0.796304881898749
0,58,128,64,32,32,0.5,0.4510476258048986,1.4160423438561942,0.6649605572070789,0.6696397896931096,0.7054713817847826,6176,6144,4096,0.7965560392557641
0,59,128,64,32,32,0.5,0.45137406949229036,1.4111230831798216,0.7402606149510964,0.6677341451195531,0.7095070818902363,6176,6144,4096,0.796261449389969
0,60,128,64,32,32,0.5,0.46116213110852633,1.4103471552785254,0.6958435675677545,0.6680730853765918,0.7200199018452432,6176,6144,4096,0.7873294888314424
0,61,128,64,32,32,0.5,0.45753389369014763,1.4166142994608772,0.7061380454931309,0.671928124839704,0.7026413902876829,6176,6144,4096,0.7906627361247325
0,62,128,64,32,32,0.5,0.46212546296176954,1.4275806397279194,0.6649376464151789,0.6746465869951649,0.7037184662312583,6176,6144,4096,0.7864400564823701
0,63,128,64,32,32,0.5,0.4512985817465282,1.407731307429174,0.7157416730933575,0.6681780979292695,0.7207630401939215,6176,6144,4096,0.7963295901135723
0,64,128,64,32,32,0.5,0.45910789475353014,1.4160573631366344,0.692120728983751,0.6763520212534061,0.707643628854485,6176,6144,4096,0.7892199409749815
0,65,128,64,32,32,0.5,0.45403285882577565,1.4115841262230142,0.6676397195068337,0.6652445302071617,0.6978108469724262,6176,6144,4096,0.7938541631064933
0,66,128,64,32,32,0.5,0.4606102787371325,1.420014812095191,0.7201001617601602,0.678520038066698,0.7127689962367105,6176,6144,4096,0.7878381711217011
0,67,128,64,32,32,0.5,0.45276013924169856,1.4155043521266832,0.7459705037349196,0.6700362059259761,0.7068975272356166,6176,6144,4096,0.7950082563138378
0,68,128,64,32,32,0.5,0.4592549618243563,1.4192942839415343,0.683615821379645,0.6728217533227233,0.7108490590144466,6176,6144,4096,0.789084880039709
0,69,128,64,32,32,0.5,0.4523089325917343,1.411783553204641,0.6735554594186494,0.6765271828450267,0.7094932823301602,6176,6144,4096,0.7954166294977258
0,70,128,64,32,32,0.5,0.45391843271478644,1.408150614401362,0.7334714803470507,0.676439245022944,0.7076976178456255,6176,6144,4096,0.7939580564417519
0,71,128,64,32,32,0.5,0.4504286425662488,1.419735051874776,0.6135090722691332,0.6647202965500407,0.7259452151290983,6176,6144,4096,0.7971140379559265
0,72,128,64,32,32,0.5,0.46276750892636964,1.422364592115362,0.6975055820861362,0.6779122730200343,0.7028391670430305,6176,6144,4096,0.7858462326820823
0,73,128,64,32,32,0.5,0.45462578079092314,1.4175649915710389,0.7153135787496553,0.6730944778168417,0.7057966002561057,6176,6144,4096,0.7933153994402437
0,74,128,64,32,32,0.5,0.4639644642994923,1.4222135510271023,0.7114909364149589,0.6731376906737722,0.7066956674756619,6176,6144,4096,0.7847369758672852
0,75,128,64,32,32,0.5,0.4610940493981837,1.4207257143973009,0.766637593516118,0.6690526092207585,0.7016873938130893,6176,6144,4096,0.7873922776095854
0,76,128,64,32,32,0.5,0.45130662025413804,1.4120264901749477,0.6662932708006094,0.669033135860351,0.7115623779650517,6176,6144,4096,0.7963223345147872
0,77,128,64,32,32,0.5,0.451307184679239,1.406893167861441,0.7698693270641831,0.669055901500227,0.7033272839065577,6176,6144,4096,0.7963218250568992
0,78,128,64,32,32,0.5,0.4557402654867275,1.403180893988769,0.7037237747876729,0.6730753491031773,0.7151811523265433,6176,6144,4096,0.7923008104140873
0,79,128,64,32,32,0.5,0.46644310475553413,1.416247457548891,0.7060547737309929,0.675947463108545,0.7106314108012806,6176,6144,4096,0.7824308300260179
0,80,128,64,32,32,0.5,0.4496370649730058,1.4050144839992484,0.6927481052597949,0.6654450540926323,0.7060992107313265,6176,6144,4096,0.797826509802461
0,81,128,64,32,32,0.5,0.45325307547669313,1.4100316150094465,0.7301905775809984,0.6699680157602199,0.714113951534588,6176,6144,4096,0.794561649570919
0,82,128,64,32,32,0.5,0.45891140378022555,1.4183565513462657,0.7055372590834729,0.675589323350842,0.7056886049327813,6176,6144,4096,0.7894003234804632
0,83,128,64,32,32,0.5,0.4577848508159816,1.4218868097972515,0.7588497394959347,0.6692136737510311,0.7091671712861675,6176,6144,4096,0.7904330303633895
0,84,128,64,32,32,0.5,0.45741583316143203,1.4133186367820243,0.7214653417013513,0.6708774427287681,0.6973674313198966,6176,6144,4096,0.790770755573233
0,85,128,64,32,32,0.5,0.45529112385836346,1.4051017099574836,0.6804398333207585,0.6678077228544949,0.704907063800321,6176,6144,4096,0.7927099925357884
0,86,128,64,32,32,0.5,0.44994401345720414,1.409513861643894,0.7051264505301381,0.6773008003207645,0.7057164405276134,6176,6144,4096,0.7975503847540234
0,87,128,64,32,32,0.5,0.45078217757186456,1.4072125903947676,0.7371237464312245,0.6780425993260224,0.707393276854219,6176,6144,4096,0.796795428383568
0,88,128,64,32,32,0.5,0.4587690459067646,1.408864751394177,0.695791693931195,0.6685698653249398,0.7058338975359177,6176,6144,4096,0.7895309625177969
0,89,128,64,32,32,0.5,0.45942855430068064,1.4190098809951357,0.7430465762881069,0.6705385081607635,0.7080105112263672,6176,6144,4096,0.7889254034931866
0,90,128,64,32,32,0.5,0.46297936175526677,1.4008764553909998,0.6946406834429504,0.6705107833536615,0.6974824486012817,6176,6144,4096,0.7856501105886858
0,91,128,64,32,32,0.5,0.4578928521343486,1.4164232227386149,0.7301081680040291,0.6744628050854267,0.7053734495817222,6176,6144,4096,0.7903341359642716
0,92,128,64,32,32,0.5,0.4544245933652581,1.425022631254008,0.679680161609503,0.6665598207171595,0.699214447843164,6176,6144,4096,0.7934982889448199
0,93,128,64,32,32,0.5,0.45390253496192645,1.4109818671158734,0.6942941736412416,0.672381938937366,0.7132968658651984,6176,6144,4096,0.7939724887551372
0,94,128,64,32,32,0.5,0.45301106226472276,1.4257736251847961,0.699354796551871,0.674269471469469,0.7086640347840212,6176,6144,4096,0.7947809774657874
0,95,128,64,32,32,0.5,0.4540029175302661,1.4037638942860702,0.749302720501779,0.6671554269510829,0.7046017278396352,6176,6144,4096,0.7938813508740065
0,96,128,64,32,32,0.5,0.4651236893426056,1.4057986007965277,0.7069995132059329,0.6723077744234859,0.7113145685994873,6176,6144,4096,0.7836599536123233
0,97,128,64,32,32,0.5,0.46357600410038163,1.4043693437738831,0.7680579234221211,0.6682812930782955,0.700042693399529,6176,6144,4096,0.7850972884223228
0,98,128,64,32,32,0.5,0.4580630486898491,1.4282451426337397,0.6427017283970057,0.6725481252214218,0.7028846909307662,6176,6144,4096,0.790178243424961
0,99,128,64,32,32,0.5,0.4553154212222545,1.4175705787508583,0.7215272886394657,0.6743645350749037,0.7105656806482404,6176,6144,4096,0.7926878671972011
0,100,128,64,32,32,0.5,0.4641744190758873,1.4168265562191273,0.7155847457904079,0.6755845410554665,0.707473270043374,6176,6144,4096,0.7845421086755626
0,101,128,64,32,32,0.5,0.45575965631684084,1.4265585166136376,0.7035218865823248,0.6752744672656112,0.7107082541096276,6176,6144,4096,0.7922831356739553
0,102,128,64,32,32,0.5,0.4551299106045442,1.421721336960951,0.7532138491762328,0.6720522554243387,0.7041104559802657,6176,6144,4096,0.7928567644730997
0,103,128,64,32,32,0.5,0.4575642699481685,1.4090267861721066,0.7502220840698937,0.6706553788392243,0.7114500049223141,6176,6144,4096,0.7906349388667996
0,104,128,64,32,32,0.5,0.46076004707025847,1.4163233417007717,0.6852332330595265,0.6719824507584912,0.707471118784234,6176,6144,4096,0.7877001790238134
0,105,128,64,32,32,0.5,0.4588568244475833,1.3962533285435392,0.7021101172030586,0.6609711105112458,0.6948784260668113,6176,6144,4096,0.7894504146578797
0,106,128,64,32,32,0.5,0.46300464426118115,1.4191004036130792,0.743177055496122,0.6705385464473708,0.7081976233291776,6176,6144,4096,0.785626699392577
0,107,128,64,32,32,0.5,0.45665161177905095,1.4163833230034286,0.7044533451883874,0.6740036476380441,0.7034804181278798,6176,6144,4096,0.791469305459595
0,108,128,64,32,32,0.5,0.4609523877914859,1.4070832054798106,0.7114247607516148,0.670788458398451,0.7078431219569173,6176,6144,4096,0.7875228961893276
0,109,128,64,32,32,0.5,0.4530292878530632,1.4027549671284303,0.7286082578604172,0.6780845274522294,0.7040621876012274,6176,6144,4096,0.7947644643473463
0,110,128,64,32,32,0.5,0.4625046378157487,1.4157183236603403,0.6704408112295905,0.6745453626332514,0.710647860853263,6176,6144,4096,0.7860894599989232
0,111,128,64,32,32,0.5,0.458970486071527,1.4111565032677127,0.7260300411403067,0.6685767075210198,0.7204345393189234,6176,6144,4096,0.7893460929152664
0,112,128,64,32,32,0.5,0.4507384193803301,1.4174861264447571,0.6852556379806682,0.6743911005212035,0.7019644648817894,6176,6144,4096,0.7968348772945216
0,113,128,64,32,32,0.5,0.4515010138924063,1.4303269241114116,0.6741063528667152,0.6666203629813323,0.7047308197091572,6176,6144,4096,0.7961468344541291
0,114,128,64,32,32,0.5,0.45651953822543734,1.4104998313157686,0.6972014716464365,0.6753851159637233,0.7131672785824855,6176,6144,4096,0.7915899112184335
0,115,128,64,32,32,0.5,0.46152637278867364,1.4173526905372313,0.7185756762729574,0.6650420460412484,0.7139375774623092,6176,6144,4096,0.7869934072205299
0,116,128,64,32,32,0.5,0.4553506446012119,1.408684462811761,0.7482486613845502,0.6664204662630647,0.7044489237378506,6176,6144,4096,0.792655790461261
0,117,128,64,32,32,0.5,0.45474286053390855,1.4184025823035828,0.7593883189217778,0.6738059219283016,0.7044474177062278,6176,6144,4096,0.7932089307934382
0,118,128,64,32,32,0.5,0.4679655664200818,1.4173614657294191,0.7293701614996709,0.6694257092605231,0.7096395271766704,6176,6144,4096,0.7810082286451319
0,119,128,64,32,32,0.5,0.46209061444580185,1.4152365168488157,0.7497028420386093,0.6699345932150543,0.7019937066459899,6176,6144,4096,0.7864722640411013
0,120,128,64,32,32,0.5,0.44809121780795713,1.4111723388057729,0.6945385504305006,0.6711495804594712,0.7065543772783192,6176,6144,4096,0.799214260523382
0,121,128,64,32,32,0.5,0.4534916913923955,1.4185448946262276,0.7097903008741737,0.6745366766285541,0.7093811676665512,6176,6144,4096,0.7943452858380645
0,122,128,64,32,32,0.5,0.45231868085380533,1.4223377381713846,0.722179232019988,0.6701908545323948,0.7032845856938402,6176,6144,4096,0.7954078109506734
0,123,128,64,32,32,0.5,0.45733609595655356,1.4168355703588469,0.7112806754103829,0.6717453001888191,0.7011876343237757,6176,6144,4096,0.7908436953352179
0,124,128,64,32,32,0.5,0.4507442056831072,1.3931521116719792,0.7371164742999369,0.6688842846733584,0.7071886935077999,6176,6144,4096,0.7968296610431047
0,125,128,64,32,32,0.5,0.4554505313000128,1.4200867935128672,0.6953295406386903,0.6686210111427531,0.7031152622587439,6176,6144,4096,0.7925648135385361
0,126,128,64,32,32,0.5,0.45817369076707504,1.4180759482353653,0.6979496275058877,0.6710760709805496,0.7066274340926788,6176,6144,4096,0.7900768690888768
0,127,128,64,32,32,0.5,0.4560731836736298,1.4249429455793405,0.7058668520470114,0.6752535054036564,0.7083431179805616,6176,6144,4096,0.7919972511337996
0,128,128,64,32,32,0.5,0.4608230895629358,1.4120843249546473,0.7022332764195515,0.664121989967639,0.7094341801567456,6176,6144,4096,0.7876420801256706
0,129,128,64,32,32,0.5,0.4574426578199909,1.423351731185707,0.6973014565421414,0.6736578641944397,0.71604914172641,6176,6144,4096,0.7907462148065828
0,130,128,64,32,32,0.5,0.4618710958664918,1.4200252210063709,0.6979937668450044,0.6722253227356199,0.7048830364632939,6176,6144,4096,0.7866750908030861
0,131,128,64,32,32,0.5,0.46011977344669874,1.4283699088484263,0.7001183023926119,0.67425928007634,0.7043408339644398,6176,6144,4096,0.7882897940833588
0,132,128,64,32,32,0.5,0.4606533573980073,1.4277109902285026,0.6800206425856985,0.6716840188180705,0.7146682424247056,6176,6144,4096,0.7877984843179439
0,133,128,64,32,32,0.5,0.46196118900423233,1.4160259946996157,0.7379994825812194,0.6738531400556456,0.7039112986095197,6176,6144,4096,0.786591859853796
0,134,128,64,32,32,0.5,0.4615610030836697,1.4042144953901459,0.6943804681827882,0.6728208656375276,0.7003062609280218,6176,6144,4096,0.7869614404323968
0,135,128,64,32,32,0.5,0.4533041831189993,1.4296048644480797,0.7075279732001808,0.669522164640077,0.7045111196048244,6176,6144,4096,0.7945153175668167
0,136,128,64,32,32,0.5,0.4610414073623218,1.4044686262160155,0.701786685126699,0.6773921510308261,0.7008785487037128,6176,6144,4096,0.7874408206973696
0,137,128,64,32,32,0.5,0.45503833864225063,1.404037999464539,0.7003490769083456,0.6707228504173831,0.7066485311413686,6176,6144,4096,0.7929401103657004
0,138,128,64,32,32,0.5,0.4569202676450688,1.4104637322465008,0.6814186646121153,0.6687539728571404,0.6971027817582315,6176,6144,4096,0.7912238690151585
0,139,128,64,32,32,0.5,0.4590132807110066,1.4100654974452076,0.706063247598154,0.6636232017235736,0.7144276205501151,6176,6144,4096,0.7893068081309187
0,140,128,64,32,32,0.5,0.4587241095261797,1.4090766478785903,0.7013861278599084,0.6601552860558734,0.7104455405031593,6176,6144,4096,0.7895721913394134
0,141,128,64,32,32,0.5,0.44844155692694,1.4186165841021752,0.7202713108032539,0.6707624236986353,0.7082350741490919,6176,6144,4096,0.798900170020942
0,142,128,64,32,32,0.5,0.4529239831735714,1.4097869186365168,0.6542218803475132,0.6666415207019727,0.7110400360932422,6176,6144,4096,0.7948598654661864
0,143,128,64,32,32,0.5,0.4594976321710749,1.4225762693099222,0.6901969307829511,0.6695147504748429,0.7109222857511804,6176,6144,4096,0.7888619260291755
0,144,128,64,32,32,0.5,0.45517504718034757,1.4138142286516437,0.7230947750812784,0.6696596569071158,0.7012140348511764,6176,6144,4096,0.7928156764243683
0,145,128,64,32,32,0.5,0.45488382560335594,1.4201387729558013,0.7224483265978289,0.67205838813724,0.7114332797645258,6176,6144,4096,0.7930807052044557
0,146,128,64,32,32,0.5,0.45350509713062753,1.4327462426600344,0.7588133636969376,0.6718356423901787,0.712214380636611,6176,6144,4096,0.79433312687654
0,147,128,64,32,32,0.5,0.45233740400020306,1.408165074501587,0.7018880522367423,0.6700085903013251,0.704667974766827,6176,6144,4096,0.7953908729423569
0,148,128,64,32,32,0.5,0.4665751830520243,1.4148333618964084,0.7165479075141094,0.6684227557359358,0.7087203160861866,6176,6144,4096,0.78230759855997
0,149,128,64,32,32,0.5,0.46179320660287754,1.4205552974376265,0.6353033671853261,0.6767315475189256,0.7078185138518951,6176,6144,4096,0.786747034335432
0,150,128,64,32,32,0.5,0.4584308900997938,1.4202247522464504,0.6898739308365494,0.6701581912270542,0.6991181206812821,6176,6144,4096,0.7898411190023109
0,151,128,64,32,32,0.5,0.45270873178028265,1.415709851520161,0.7466897065112755,0.66820495301619,0.7100035770315412,6176,6144,4096,0.7950548041698882
0,152,128,64,32,32,0.5,0.4605280179512168,1.422276836996553,0.671761792328865,0.6668274653519367,0.7089076227628966,6176,6144,4096,0.787913944681924
0,153,128,64,32,32,0.5,0.45881724207626584,1.4228096836764803,0.6962842178673901,0.6710507530810025,0.6998992075408933,6176,6144,4096,0.7894867383735291
0,154,128,64,32,32,0.5,0.4561366777151036,1.4127273225172483,0.7453243573146895,0.6691569432391363,0.7123363564788336,6176,6144,4096,0.7919393312430278
0,155,128,64,32,32,0.5,0.46418852928975973,1.4086093872168863,0.6322221945712182,0.673220595451097,0.6999500651906281,6176,6144,4096,0.7845290092758099
0,156,128,64,32,32,0.5,0.45935417865503997,1.4196445331832448,0.7105180803821423,0.6713456251442894,0.706412860407401,6176,6144,4096,0.7889937385521536
0,157,128,64,32,32,0.5,0.4569826383274529,1.4012198074274413,0.7176953813241985,0.6704905002774896,0.7089291675368686,6176,6144,4096,0.7911668682672803
0,158,128,64,32,32,0.5,0.4579701828290236,1.4110513543174585,0.6846818076652256,0.6663307157475092,0.7213780050148111,6176,6144,4096,0.7902633116395508
0,159,128,64,32,32,0.5,0.4559855716193796,1.4162099105644128,0.6465469177123986,0.6715678099127981,0.705954164060813,6176,6144,4096,0.7920771584749476
0,160,128,64,32,32,0.5,0.46356892545546574,1.4192523964572075,0.6849740710117515,0.674920771920131,0.7042582578647439,6176,6144,4096,0.7851038513520648
0,161,128,64,32,32,0.5,0.45764800768173136,1.4146582109924473,0.6998526446748934,0.6681384020106178,0.7164694192917188,6176,6144,4096,0.7905583010649421
0,162,128,64,32,32,0.5,0.45344137678479857,1.4216687316083176,0.7027448346842228,0.6642292849660352,0.7073837730042425,6176,6144,4096,0.7943909178195061
0,163,128,64,32,32,0.5,0.4565461118554983,1.4109966973873425,0.6587739975752985,0.6703934547846774,0.7053954059890233,6176,6144,4096,0.7915656477496268
0,164,128,64,32,32,0.5,0.44843047748474363,1.4216812168811777,0.7388811139984595,0.6721157167838326,0.7107992126581069,6176,6144,4096,0.7989101068628048
0,165,128,64,32,32,0.5,0.4566564909114725,1.4197739284828628,0.7304377925012144,0.6737303648505137,0.7011903191148968,6176,6144,4096,0.7914648493084203
0,166,128,64,32,32,0.5,0.45474370877616993,1.4100393668918916,0.7358048448251084,0.6721947296027393,0.7125960748786236,6176,6144,4096,0.7932081593284938
0,167,128,64,32,32,0.5,0.45675108350527877,1.412305575044301,0.6543188744375064,0.6713259999698521,0.7045536943023647,6176,6144,4096,0.7913784477167539
0,168,128,64,32,32,0.5,0.4580017587630743,1.4233935045777824,0.6607633159903004,0.6686446537335897,0.7121142615671561,6176,6144,4096,0.7902343889699307
0,169,128,64,32,32,0.5,0.458388829654525,1.419554860038114,0.7380788245754539,0.6670718628252116,0.7022461795502292,6176,6144,4096,0.7898796808479551
0,170,128,64,32,32,0.5,0.45784481715333575,1.4108573473853916,0.6855789890735071,0.6750729890282056,0.7004428021364802,6176,6144,4096,0.7903781234058282
0,171,128,64,32,32,0.5,0.46321666360890906,1.4182362592129598,0.6907032743448743,0.6728720432695996,0.7055468197837956,6176,6144,4096,0.7854303225550309
0,172,128,64,32,32,0.5,0.4613277253090593,1.4139863213389734,0.6917758770085536,0.6725397961711386,0.7094512540324555,6176,6144,4096,0.787176729861169
0,173,128,64,32,32,0.5,0.45979740173601225,1.4075519142123758,0.699509708497876,0.6738179141116005,0.7074091672663915,6176,6144,4096,0.7885863493568123
0,174,128,64,32,32,0.5,0.4575659373621814,1.4198602850387487,0.689501204115735,0.6762494849128654,0.7074250893939205,6176,6144,4096,0.7906334129658682
0,175,128,64,32,32,0.5,0.4561014355556947,1.4183922623629142,0.668942047374967,0.672250133815309,0.7147228160055092,6176,6144,4096,0.7919714804840345
0,176,128,64,32,32,0.5,0.45037040560452624,1.4111071503716441,0.7262201384375832,0.6687715525714035,0.7024619953803538,6176,6144,4096,0.7971664977556144
0,177,128,64,32,32,0.5,0.4579540079684525,1.4048697921693059,0.689922982905507,0.6658433520515699,0.7085198396209418,6176,6144,4096,0.7902781265856306
0,178,128,64,32,32,0.5,0.459681888181795,1.4157117885389323,0.7037834105388825,0.6724674216980483,0.706054836059323,6176,6144,4096,0.7886925616776196
0,179,128,64,32,32,0.5,0.44910237272491416,1.4264402829348135,0.7358819066884082,0.6728858801274898,0.7086808806801402,6176,6144,4096,0.7983070588128524
0,180,128,64,32,32,0.5,0.45939093258151475,1.4127763249404093,0.7076843965574714,0.6732535014024582,0.7100738440802234,6176,6144,4096,0.7889599710618861
0,181,128,64,32,32,0.5,0.45739548102026867,1.41412570853659,0.7072021051441473,0.6736290291159566,0.7164475258111579,6176,6144,4096,0.7907893739422369
0,182,128,64,32,32,0.5,0.4583881896117391,1.419570038407823,0.6834060451231269,0.6756038378561314,0.7104072056748532,6176,6144,4096,0.7898802676244722
0,183,128,64,32,32,0.5,0.4591038061024869,1.4155720704715378,0.7233938075703733,0.674520511856121,0.7074138426030755,6176,6144,4096,0.7892236952222099
0,184,128,64,32,32,0.5,0.4549902200231988,1.413785335270925,0.6138612436652315,0.6705139068938821,0.7053769906645203,6176,6144,4096,0.7929838996832413
0,185,128,64,32,32,0.5,0.4570524886778391,1.4136733419065004,0.7016076431127024,0.6688312296301879,0.7093566797965203,6176,6144,4096,0.7911030225933938
0,186,128,64,32,32,0.5,0.45100233186963445,1.4157328172910897,0.708165718724899,0.6756006910024963,0.6994376228959076,6176,6144,4096,0.796596896648152
0,187,128,64,32,32,0.5,0.459174545865936,1.421211058388486,0.6866527635416859,0.6772026192138001,0.7018325698371735,6176,6144,4096,0.7891587364288115
0,188,128,64,32,32,0.5,0.4537262046207601,1.409463458483294,0.7166761000396344,0.6740483392519184,0.701224642223165,6176,6144,4096,0.79413253124044
0,189,128,64,32,32,0.5,0.45340933442136844,1.4280790879251426,0.7096530174217038,0.6690977557453183,0.711331880577229,6176,6144,4096,0.7944199754595718
0,190,128,64,32,32,0.5,0.4579607950165099,1.4209008181151335,0.6578944968239683,0.6727886537159227,0.7036709352650236,6176,6144,4096,0.7902719102278463
0,191,128,64,32,32,0.5,0.4562472955310242,1.4128153669838275,0.7025254361046398,0.6706260057883481,0.7027125230237444,6176,6144,4096,0.7918384053206263
0,192,128,64,32,32,0.5,0.46044814875978674,1.4264269894939239,0.7114449379139062,0.6702804378581648,0.7171359549461744,6176,6144,4096,0.7879875023036852
0,193,128,64,32,32,0.5,0.45427147097705944,1.416133826735883,0.7767431849596657,0.6731977120522765,0.7092919695383247,6176,6144,4096,0.7936374306563387
0,194,128,64,32,32,0.5,0.4568430526406343,1.415474464317211,0.6778375023883717,0.668937213180132,0.7088571722668551,6176,6144,4096,0.7912944252539866
0,195,128,64,32,32,0.5,0.4551416117903546,1.415972935459158,0.7019611894525343,0.674488786176154,0.7177657252223377,6176,6144,4096,0.792846113216878
0,196,128,64,32,32,0.5,0.45658909119085406,1.4131471068149173,0.732068909337433,0.6749967720907478,0.7086987335943997,6176,6144,4096,0.7915264018055099
0,197,128,64,32,32,0.5,0.4579835216339646,1.4188840967887995,0.715986315161994,0.6696200692336217,0.6972384041408806,6176,6144,4096,0.7902510939117519
0,198,128,64,32,32,0.5,0.45882953681014743,1.4144448078247873,0.6673099879248527,0.673435102321594,0.7131620485584298,6176,6144,4096,0.7894754561505856
0,199,128,64,32,32,0.5,0.45602858169329547,1.4159206770115782,0.7631490526954176,0.6745217478272248,0.7076034974557456,6176,6144,4096,0.7920379326788013
